"","Xi","Yi","credit.score","interest.rate","pti","veh.value","co.sign","new.used","subvent.rate","subvent.cash","veh.pick.up","veh.suv","exact.loan.term"
"1",39,33,0.726509852025526,-0.579267058327383,1.39351582665666,1.4191026156533,0,1,0,0,0,1,0
"2",39,33,-1.76964370246269,0.267482938284212,-0.945771201961887,1.31847917764166,0,1,0,1,1,0,0
"3",40,34,-1.15178391174779,-0.741324473946827,-0.945771201961887,0.326531621744482,0,1,0,0,1,0,1
"4",39,33,-0.10554133280388,-0.704861555432452,0.195093737302871,0.808723922966046,0,1,0,1,1,0,0
"5",34,33,-1.84378687734848,0.231020019769837,-0.945771201961887,0.653985715259834,0,1,0,1,1,0,0
"6",35,33,-1.24240334771931,-0.785890263242174,-0.945771201961887,0.364555748482984,0,1,0,0,1,0,0
"7",40,34,0.61117602442541,-0.137660600764398,1.36679286411533,0.652661598974004,1,1,0,1,1,0,1
"8",40,33,-1.20121269500498,-0.563061316765438,-0.945771201961887,0.848816510862379,0,1,0,1,1,0,1
"9",40,33,-1.24240334771931,-0.785890263242174,-0.945771201961887,0.783194311316612,0,1,0,0,1,0,1
"10",39,33,-1.19297456446211,-0.137660600764398,-0.945771201961887,0.457528252947825,0,1,0,1,0,1,1
"11",39,33,0.388746499768044,-1.75418332156835,0.230039149856927,0.00874013122362419,0,0,1,0,0,1,0
"12",40,33,0.487604066282429,0.16619705352206,0.85288973832039,0.755881386028399,1,0,0,0,0,0,1
"13",39,33,0.339317716510852,-0.137660600764398,-0.668263514032622,0.710393083457003,1,1,0,1,1,0,0
"14",40,32,-1.49778539454813,-0.0768890699071064,-0.945771201961887,0.515272966315598,0,1,0,1,1,0,1
"15",39,32,-1.58016669997679,-1.75418332156835,-0.945771201961887,0.632927057350555,0,1,1,0,0,1,0
"16",32,31,-1.65430987486258,-0.542804139813008,-0.945771201961887,1.21636668372455,0,1,0,1,1,0,0
"17",39,32,-1.24240334771931,-0.785890263242174,-0.945771201961887,0.83124150823916,0,1,0,1,1,0,0
"18",40,32,-1.63783361377684,-1.75418332156835,-0.945771201961887,0.43848931802665,0,1,1,0,1,0,1
"19",39,32,0.677081068768333,-1.75418332156835,0.314319262487296,0.175499178278539,1,1,1,0,0,1,0
"20",40,32,1.00660629048295,-1.3895541364246,0.762442788180481,1.05123462420646,1,1,1,0,0,1,1
"21",36,31,-1.20945082554784,-0.785890263242174,-0.945771201961887,1.01681727014224,0,0,0,0,0,1,0
"22",39,31,-1.63783361377684,-0.0971462468595369,-0.945771201961887,0.481173031286621,0,1,0,1,1,0,0
"23",39,32,0.438175283025237,-0.299718016383842,2.95578132907327,0.902458188267133,1,1,0,0,1,0,1
"24",39,32,-0.089065071718149,-1.75418332156835,0.106702399666142,0.582902297102033,1,1,1,0,1,0,0
"25",38,32,-0.682210470804458,-0.178174954669259,-0.945771201961887,1.24659874014302,0,1,0,1,1,0,0
"26",38,32,-0.682210470804458,-0.178174954669259,-0.945771201961887,1.1607780491379,0,1,0,1,1,0,0
"27",39,31,0.70179546039693,-1.3895541364246,0.998838226046152,-0.337594008367358,0,0,1,0,0,0,0
"28",32,31,-0.0313981579180912,0.267482938284212,2.50560219087691,-0.607255726710368,0,0,0,0,1,0,0
"29",39,31,-1.42364221966234,0.247225761331782,-0.945771201961887,-0.457289107768863,0,1,0,0,1,0,0
"30",40,32,-1.12706952011919,-1.75418332156835,-0.945771201961887,0.172011812589956,0,1,1,0,0,0,1
"31",38,31,1.23727394568318,-1.3895541364246,4.59616010661071,0.901528352195024,0,1,1,0,0,1,1
"32",39,30,-1.73669118029123,0.453848966246573,-0.945771201961887,0.767602670825134,0,1,0,1,1,0,0
"33",35,31,0.125126322396351,0.510569061713378,0.637050425486516,-0.618147021682205,1,1,0,1,0,0,1
"34",33,31,-0.855211212204631,0.226968584379351,-0.945771201961887,1.25031627476737,0,1,0,1,1,0,1
"35",32,31,-0.0725888106324182,0.615906381866017,-0.43803491367649,-0.062636125332864,0,0,0,0,1,0,1
"36",40,31,-1.30007026151936,-0.579267058327383,-0.945771201961887,0.766515350515859,0,1,0,1,1,0,1
"37",39,30,-1.76140557191983,-0.0971462468595369,-0.945771201961887,-0.0948371979549545,0,1,0,1,1,0,0
"38",40,31,1.21255955405458,-0.137660600764398,0.147814649729737,0.682750806519776,1,1,0,1,1,0,1
"39",39,30,-1.30007026151936,0.226968584379351,-0.945771201961887,-0.572650918581526,0,0,0,0,0,0,0
"40",31,30,0.965415637768622,-0.684604378480021,0.789165750721818,-0.509838995494173,1,0,0,0,1,0,0
"41",35,30,1.07251133482587,-0.684604378480021,0.700774413085089,0.713231349899055,1,1,0,0,1,0,0
"42",39,30,1.04779694319728,-0.785890263242174,0.195093737302871,1.01690638291338,1,1,0,1,0,1,0
"43",33,31,0.602937893882545,-0.785890263242174,2.62071649105497,0.212168999321956,0,0,0,0,0,1,0
"44",39,37,-1.82731061626275,0.267482938284212,-0.945771201961887,1.06124651351084,0,1,0,1,1,0,0
"45",39,33,0.075697539139159,-0.984410597375993,-0.76487730168207,-0.173206546056238,1,0,1,0,0,1,0
"46",40,33,-1.48954726400527,-0.0971462468595369,-0.945771201961887,1.01892485661481,0,1,0,1,1,0,1
"47",40,33,-1.38245156694802,-0.0768890699071064,-0.945771201961887,0.6364127503947,0,1,0,1,1,0,1
"48",37,33,-1.39892782803375,-0.299718016383842,-0.945771201961887,0.820346521455015,0,1,0,1,1,0,0
"49",40,33,-1.61311922214825,0.307997292189073,-0.945771201961887,0.296133670496951,0,1,0,1,1,0,0
"50",39,31,0.981891898854353,-1.3895541364246,1.49218522680929,0.888385177479344,0,1,1,0,0,1,0
"51",39,31,0.899510593425699,-0.785890263242174,-0.220139988339437,0.887122805810759,0,1,0,1,1,0,0
"52",39,31,-1.51426165563386,-0.137660600764398,-0.945771201961887,0.535334927503315,0,1,0,1,0,1,0
"53",40,32,0.00979249479623583,-1.75418332156835,-0.00635628800874385,-0.856562347889383,0,0,1,0,0,0,1
"54",38,31,-0.253827682575457,0.413334612341712,-0.468869101224187,0.749258863610733,1,1,0,1,1,0,0
"55",37,31,-1.06940260631913,-0.542804139813008,-0.945771201961887,0.469974236435746,0,1,0,1,1,0,0
"56",36,31,0.998368159940084,-1.3895541364246,0.756275950670942,1.0385813305163,1,1,1,0,0,1,0
"57",38,31,0.677081068768333,0.0243968148550462,1.47779593928703,0.820786548019903,1,1,0,1,1,0,0
"58",39,31,-0.253827682575457,-0.299718016383842,-0.532593088822759,-0.276674205911892,1,0,0,0,1,0,0
"59",37,31,1.0889875959116,-1.3895541364246,1.48601838929975,0.857626620922108,0,1,1,0,0,1,0
"60",38,31,0.223983888910736,-1.75418332156835,0.225927924850567,0.566358264374663,1,1,1,0,0,0,0
"61",39,31,0.50408032736816,-0.502289785908147,-0.0947476256454729,0.229822825982953,1,0,0,0,1,0,0
"62",39,31,-1.11059325903346,0.0243968148550462,-0.945771201961887,0.757329491094243,0,1,0,0,1,0,0
"63",38,30,1.06427320428301,-0.785890263242174,0.803555038244076,1.28413772379677,0,1,0,0,0,0,0
"64",39,30,0.924224985054295,-0.421261078098425,3.06267317923862,-0.132776998350426,0,0,0,0,1,0,0
"65",40,30,-1.38245156694802,0.307997292189073,-0.945771201961887,0.568481287313978,0,1,0,1,1,0,0
"66",39,30,-1.21768895609071,-0.137660600764398,-0.945771201961887,0.467236385109314,0,1,0,0,0,0,0
"67",40,30,1.08074946536874,-0.482032608955717,0.281429462436421,-1.12751028331676,1,0,0,0,0,0,1
"68",40,37,1.02308255156868,-1.75418332156835,4.31865241868144,1.16922975036796,0,0,1,0,0,0,1
"69",39,36,-1.09411699794773,-0.583318493717869,-0.945771201961887,1.25873577624203,0,1,0,1,1,0,0
"70",40,36,1.14665450971166,-0.988462032766479,2.31237461557801,1.03318447983046,0,1,0,1,0,0,1
"71",39,35,-1.61311922214825,-0.579267058327383,-0.945771201961887,0.434030952649372,0,1,0,0,1,0,0
"72",40,35,0.528794718996756,-0.137660600764398,-0.818323226764743,1.49117338885718,0,1,0,0,0,1,1
"73",40,35,-1.91793005223427,-0.340232370288703,-0.945771201961887,0.151127349356089,0,1,0,1,1,0,1
"74",39,34,-1.85202500789134,-0.380746724193564,-0.945771201961887,0.308890135234091,0,1,0,0,1,0,0
"75",38,34,-1.36597530586229,-0.826404617147035,-0.945771201961887,1.13847997812582,0,1,0,1,1,0,0
"76",39,34,0.751224243654122,-0.19843213162169,0.655550938015134,0.875223983747911,1,1,0,1,0,1,0
"77",38,34,0.298127063796525,-1.75418332156835,-0.261252238403032,1.06864016340712,0,0,1,0,0,1,0
"78",40,35,-1.53897604726246,0.255328632112754,-0.945771201961887,0.923149818677569,0,1,0,1,1,0,1
"79",40,25,0.957177507225757,-1.75418332156835,3.57452069253037,1.04095098907367,1,1,1,0,0,0,1
"80",34,25,-1.47307100291954,-0.299718016383842,-0.945771201961887,0.0101916812762028,0,1,0,0,0,0,1
"81",38,25,0.841843679625641,-0.785890263242174,-0.162582838250404,0.508247952803683,0,0,0,0,0,0,1
"82",34,25,1.03132068211155,-1.75418332156835,0.517824900302091,1.81442890873346,1,1,1,0,0,1,0
"83",40,25,1.08074946536874,-1.75418332156835,2.37609860317658,0.84605688752682,1,1,1,0,0,1,1
"84",35,25,-1.32478465314796,-0.299718016383842,-0.945771201961887,0.521811165488557,0,1,0,0,1,0,0
"85",39,25,-0.0643506800895528,-1.75418332156835,2.41721085324018,0.855081632086715,1,1,1,0,0,1,1
"86",30,24,0.660604807682603,-0.137660600764398,-0.472980326230546,0.200658504213243,1,1,0,1,1,0,0
"87",33,24,0.693557329854064,0.267482938284212,-0.113248138174091,0.307938336847026,1,1,0,0,1,0,1
"88",38,28,-1.52249978617673,1.06156427481949,-0.945771201961887,0.327988527317516,0,1,0,1,1,0,0
"89",40,29,-0.888163734376093,-0.785890263242174,-0.945771201961887,-0.534649681998843,0,0,0,0,0,0,1
"90",39,28,1.12194011808307,-0.785890263242174,0.2834850749396,0.673671422798278,0,1,0,1,0,0,0
"91",40,28,-1.25887960880504,-0.542804139813008,-0.945771201961887,0.0855156198935658,0,1,0,1,0,0,1
"92",32,28,-1.7202149192055,-0.664347201527591,-0.945771201961887,0.949816372741201,0,1,0,1,1,0,0
"93",40,28,-0.0313981579180912,-1.75418332156835,1.59907707697464,-0.613833767680287,0,0,1,0,0,0,1
"94",39,28,-1.62135735269111,0.510569061713378,-0.945771201961887,0.0468819536472564,0,1,0,1,1,0,1
"95",39,28,1.05603507374014,-1.75418332156835,0.0655901496025473,1.77333439379304,0,1,1,0,0,1,1
"96",39,28,-1.12706952011919,0.0243968148550462,-0.945771201961887,0.383326268383419,0,1,0,0,0,1,0
"97",31,28,0.39698463031091,-0.174123519278773,0.0532564745834688,0.606035534383977,0,0,0,0,1,0,0
"98",40,28,-1.25064147826217,-0.583318493717869,-0.945771201961887,1.23749533588374,0,1,0,1,1,0,1
"99",32,24,-0.987021300890478,-0.0525804575641897,-0.945771201961887,0.664874779846719,0,1,0,0,1,0,1
"100",39,23,0.998368159940084,-0.579267058327383,-0.849157414312439,0.63246680167441,1,1,0,1,1,0,0
"101",26,23,1.07251133482587,-0.785890263242174,-0.530537476319579,0.129841431595707,0,1,0,1,0,1,0
"102",40,37,1.08074946536874,-1.3895541364246,-0.526426251313219,0.792016954311076,0,1,1,0,0,1,1
"103",40,36,-1.40716595857661,0.0689626041503932,-0.945771201961887,1.01616361500576,0,1,0,1,1,0,1
"104",39,35,1.03132068211155,-1.75418332156835,0.647328488002415,-0.0535265219180124,0,0,1,0,0,1,0
"105",40,36,-1.43188035020521,-0.137660600764398,-0.945771201961887,1.23641769362542,0,1,0,1,1,0,1
"106",39,36,-1.2918321309765,-0.4577239966128,-0.945771201961887,1.02688323621004,0,1,0,1,1,0,1
"107",38,35,0.742986113111257,-0.542804139813008,0.957725975982557,1.18742454726403,1,1,0,1,1,0,0
"108",31,25,0.677081068768333,-1.75418332156835,-0.594261463918151,1.70361117514302,0,1,1,0,0,1,1
"109",38,25,-1.42364221966234,-0.421261078098425,-0.945771201961887,0.0703706900581608,0,1,0,1,1,0,0
"110",40,25,0.981891898854353,-0.785890263242174,0.0491452495771093,0.739680877892372,1,1,0,1,1,0,1
"111",38,24,0.973653768311488,-0.380746724193564,-0.00430067550556404,0.0116418308943606,0,0,0,0,0,1,1
"112",38,24,1.09722572645447,-0.785890263242174,-0.415423176141513,-0.244432349194641,1,0,0,1,0,0,0
"113",33,23,-0.130255724432476,1.07777001638143,-0.635373713981746,-1.22328024722315,0,0,0,0,0,0,0
"114",39,23,0.471127805196698,-0.380746724193564,-0.28180836343483,1.35267132120082,0,1,0,1,1,0,0
"115",38,28,-1.81907248571988,-0.137660600764398,-0.945771201961887,0.585081277120814,0,1,0,1,1,0,0
"116",38,29,0.965415637768622,-0.947947678861618,0.36365396256361,-0.0175121373424092,1,1,0,1,0,0,1
"117",38,28,-0.871687473290362,-0.785890263242174,-0.945771201961887,0.238423020882811,0,1,0,1,1,0,0
"118",38,28,-1.81907248571988,-0.137660600764398,-0.945771201961887,0.585081277120814,0,1,0,1,1,0,0
"119",41,29,-1.42364221966234,0.267482938284212,-0.945771201961887,0.760644280268193,0,1,0,1,1,0,1
"120",40,28,-1.12706952011919,-0.137660600764398,-0.945771201961887,0.527046013446368,0,1,0,1,1,0,0
"121",40,28,0.61117602442541,-1.75418332156835,0.77272085069638,0.872185444384821,0,1,1,0,0,1,1
"122",34,28,0.537032849539621,-1.75418332156835,0.939225463453939,0.982262185948182,0,1,1,0,0,0,1
"123",39,28,0.50408032736816,-0.785890263242174,1.10161885120514,1.24294865837073,0,1,0,0,0,1,0
"124",38,28,-1.01997382306194,-0.380746724193564,-0.945771201961887,0.522224020151691,0,1,0,1,1,0,1
"125",34,28,-1.90145379114854,0.231020019769837,-0.945771201961887,0.36981871900393,0,1,0,1,1,0,1
"126",40,28,-1.86026313843421,0.210762842817407,-0.945771201961887,0.895099978857834,0,1,0,1,1,0,1
"127",40,28,-1.11883138957632,-0.336180934898217,-0.945771201961887,0.119462155203712,0,1,0,1,1,0,1
"128",35,23,0.174555105653544,-0.117403423811967,3.93425288058683,0.533328445569433,1,1,0,1,1,0,0
"129",34,23,1.16313077079739,-0.785890263242174,0.242372824876005,0.344433154169154,1,0,0,0,0,1,0
"130",39,23,0.775938635282718,-0.174123519278773,0.375987637582689,0.41269342752757,1,1,0,1,1,0,1
"131",26,23,0.850081810168507,-0.380746724193564,0.12520291219476,0.630662775404306,1,1,0,0,0,1,0
"132",29,23,0.726509852025526,0.0243968148550462,2.27537359052077,0.700233395146868,1,1,0,1,1,0,1
"133",39,23,1.05603507374014,-0.299718016383842,0.756275950670942,0.0978840036002096,1,1,0,1,1,0,0
"134",39,22,-1.23416521717644,-0.785890263242174,-0.945771201961887,0.629048832812057,0,1,0,1,1,0,0
"135",39,22,-1.2918321309765,-0.785890263242174,-0.945771201961887,0.0850739759450008,0,1,0,1,1,0,0
"136",30,23,0.41346089139664,-0.441518255050856,0.937169850950759,0.0260668932653647,0,0,0,0,0,0,1
"137",30,23,-0.855211212204631,0.0243968148550462,-0.945771201961887,1.2839636569142,0,1,0,1,1,0,1
"138",40,22,1.36908403436903,-0.502289785908147,-0.300308875963447,1.18317570527681,1,1,0,1,1,0,1
"139",39,22,-1.72845304974836,-0.441518255050856,-0.945771201961887,0.884724618212002,0,1,0,1,1,0,0
"140",23,22,0.858319940711372,0.0243968148550462,0.0984799496534232,-0.579078925367441,0,0,0,0,0,0,0
"141",40,22,-1.31654652260509,0.0243968148550462,-0.945771201961887,1.19804706470961,0,1,0,0,0,1,1
"142",39,26,-1.39068969749088,-0.137660600764398,-0.945771201961887,0.269314720708809,0,1,0,1,1,0,0
"143",29,26,-1.33302278369082,-0.133609165373912,-0.945771201961887,0.488789792420451,0,1,0,0,1,0,0
"144",40,26,-1.81083435517702,-1.75418332156835,-0.945771201961887,0.397834961866285,0,1,1,0,0,0,1
"145",40,26,0.841843679625641,-1.75418332156835,-0.226306825848976,1.81859921388852,0,1,1,0,0,1,1
"146",40,25,0.075697539139159,0.267482938284212,0.787110138218638,1.03963497334032,1,1,0,0,1,0,0
"147",39,26,0.990130029397219,-1.75418332156835,2.88794611646834,0.903195235668409,0,1,1,0,0,1,0
"148",28,17,0.965415637768622,-0.785890263242174,4.39882130630545,1.27980493007557,0,1,0,1,1,0,0
"149",40,19,-1.00349756197621,-0.178174954669259,-0.945771201961887,0.520406610797114,0,1,0,1,1,0,1
"150",35,18,0.149840714024948,0.125682699617199,-0.0228011880341817,1.01533127895583,1,1,0,1,1,0,0
"151",20,18,-1.24240334771931,0.226968584379351,-0.945771201961887,0.263441968943352,0,1,0,1,0,1,1
"152",40,17,-1.24240334771931,-0.380746724193564,-0.945771201961887,0.666225694396643,0,1,0,1,1,0,0
"153",40,17,0.891272462882834,-0.174123519278773,0.0655901496025473,-1.62093456362035,0,0,0,0,1,0,1
"154",39,17,-1.62135735269111,0.247225761331782,-0.945771201961887,-0.133415384413379,0,1,0,0,1,0,0
"155",40,17,0.998368159940084,-0.785890263242174,-0.133804263205888,0.208969172555661,0,1,0,0,0,1,1
"156",38,17,1.10546385699733,-0.785890263242174,0.84877851331403,0.489928984856377,0,1,0,1,0,0,1
"157",27,21,0.627652285511141,-0.785890263242174,1.90947456495478,0.495191801547363,0,1,0,0,1,0,0
"158",39,22,-1.67078613594831,-0.23894648552655,-0.945771201961887,1.03368391515125,0,1,0,0,1,0,0
"159",40,22,-1.12706952011919,-0.579267058327383,-0.945771201961887,0.454810790263229,0,1,0,1,1,0,1
"160",22,21,0.339317716510852,0.226968584379351,-0.746376789153452,-0.930672849266873,0,0,0,0,0,0,0
"161",23,21,-0.0643506800895528,-0.0971462468595369,-0.789544651720227,0.757717769839758,1,1,0,1,1,0,0
"162",29,23,-1.31654652260509,-0.785890263242174,-0.945771201961887,0.776273032613241,0,1,0,1,1,0,1
"163",39,22,0.438175283025237,-0.579267058327383,1.17356528881643,0.335111698169576,0,0,0,0,0,1,0
"164",40,22,-1.88497753006281,-0.137660600764398,-0.945771201961887,0.388027635106941,0,1,0,1,1,0,1
"165",39,22,-1.64607174431971,-0.704861555432452,-0.945771201961887,1.63424311594377,0,1,0,1,0,1,0
"166",23,22,-0.805782428947439,-0.785890263242174,-0.945771201961887,0.982353371046495,0,1,0,1,1,0,1
"167",40,22,-1.38245156694802,-0.137660600764398,-0.945771201961887,0.67799469073453,0,1,0,1,1,0,0
"168",24,22,0.355793977596583,-0.174123519278773,-0.240696113371235,0.775819777845555,0,1,0,1,1,0,1
"169",29,26,-1.33302278369082,-0.133609165373912,-0.945771201961887,0.832518094936522,0,1,0,1,1,0,0
"170",39,26,0.742986113111257,-0.380746724193564,-0.579872176395893,0.615065874145382,1,1,0,1,1,0,0
"171",38,26,-0.616305426461535,0.0243968148550462,-0.945771201961887,0.772188810825877,0,1,0,1,1,0,0
"172",40,27,-1.2671177393479,-0.380746724193564,-0.945771201961887,0.925077107825569,0,1,0,1,1,0,1
"173",30,25,0.767700504739853,-1.75418332156835,-0.00635628800874385,1.69735320232521,0,1,1,0,0,1,0
"174",39,26,-2.01678761874865,-0.421261078098425,-0.945771201961887,1.32141703931013,0,1,0,1,1,0,1
"175",39,25,0.50408032736816,-1.75418332156835,0.830278000785413,0.972809780551454,0,1,1,0,0,0,0
"176",36,18,-1.74492931083409,0.672626477332822,-0.945771201961887,-0.357844014085141,0,0,0,0,1,0,1
"177",37,18,0.71827172148266,-0.380746724193564,-0.0906364006391134,-0.662973001460868,1,0,0,0,1,0,1
"178",36,18,-1.91793005223427,-0.599524235279813,-0.945771201961887,1.00446875736247,0,1,0,1,1,0,0
"179",40,17,0.364032108139448,1.04130709786706,0.970059651001635,-0.113750415653223,1,0,0,0,0,0,1
"180",38,17,1.12194011808307,-0.482032608955717,-0.0680246631041361,-0.133606953115461,1,1,0,1,1,0,0
"181",39,17,0.784176765825584,-0.583318493717869,0.873445863352187,0.317618516547731,0,1,0,1,1,0,0
"182",21,17,1.08074946536874,-0.178174954669259,-0.855324251821979,-0.406974065052334,0,1,0,1,0,0,0
"183",39,17,0.50408032736816,-0.62383284762273,-0.213973150829898,-0.0176303690708294,0,0,0,0,0,1,0
"184",40,17,-1.43188035020521,-0.174123519278773,-0.945771201961887,0.659308228568666,0,1,0,1,0,0,1
"185",40,17,1.02308255156868,0.125682699617199,0.186871287290152,-0.0687400117419812,1,0,0,0,1,0,1
"186",39,21,0.70179546039693,-0.664347201527591,-0.596317076421331,-1.18745215962184,1,0,0,0,0,0,0
"187",39,21,0.421699021939506,-0.785890263242174,-0.222195600842617,-0.781014791145226,0,0,0,0,1,0,0
"188",39,21,-1.2918321309765,0.206711407426921,-0.945771201961887,1.33755742369098,0,1,0,1,1,0,0
"189",37,21,-0.262065813118322,-0.579267058327383,-0.789544651720227,1.42599665774271,1,1,1,0,0,1,0
"190",40,21,-1.62959548323398,0.0649111687599072,-0.945771201961887,0.409048194552752,0,1,0,1,1,0,1
"191",40,21,-0.311494596375515,0.915712600761988,-0.775155364197968,0.58611024185369,1,1,0,1,0,1,1
"192",40,21,0.364032108139448,0.16619705352206,-0.0659690506009565,-0.823357871843572,0,0,0,0,1,0,1
"193",27,21,-0.229113290946861,0.935969777714419,-0.191361413294921,-1.02298397156924,1,0,0,0,0,0,0
"194",38,21,1.19608329296885,-0.785890263242174,0.238261599869646,1.36346564862865,0,1,0,1,0,1,0
"195",39,21,0.981891898854353,-0.502289785908147,0.359542737557251,1.05277256922358,1,1,0,1,1,0,0
"196",40,13,0.0427450169676974,0.429540353903656,-0.446257363689209,-1.74160307247172,1,0,0,0,0,0,1
"197",40,13,1.06427320428301,0.0243968148550462,-0.248918563383954,-0.623622407154317,0,1,0,1,0,0,1
"198",40,13,0.364032108139448,0.267482938284212,-0.565482888873635,0.952826101906503,1,1,0,1,1,0,1
"199",28,13,0.594699763339679,-0.380746724193564,0.760387175677301,0.324367156109964,0,1,0,1,0,1,0
"200",39,13,0.034506886424832,1.73005111424969,0.894001988383985,-1.61664617280089,1,0,0,0,1,0,0
"201",32,12,0.116888191853486,0.226968584379351,0.135480974710659,0.275018645807172,1,1,0,1,0,1,0
"202",13,12,0.438175283025237,-0.785890263242174,-0.678541576548521,1.01960696266194,1,1,0,1,1,0,0
"203",27,12,1.20432142351172,0.713140831237683,-0.28180836343483,-1.48158492498237,0,0,0,0,1,0,0
"204",30,12,-0.962306909261882,0.0243968148550462,-0.945771201961887,0.804248077751456,0,1,0,1,1,0,0
"205",38,12,-0.336208988004111,3.18856785482469,0.920724950925321,-1.93501652375714,0,0,0,0,0,1,0
"206",37,12,0.075697539139159,1.89210852986914,-0.0392460880596197,-1.21015282786209,0,0,0,0,0,0,0
"207",39,12,0.191031366739275,3.47216833215872,-0.0515797630786983,-2.44712569831037,0,0,0,0,1,0,0
"208",16,12,0.940701246140026,0.875198246857127,0.291707524952319,-0.955291633768467,0,0,0,0,1,0,0
"209",35,12,0.388746499768044,-0.947947678861618,-0.0783027256200349,1.05401918070358,1,1,0,1,0,1,0
"210",37,21,1.06427320428301,-0.785890263242174,1.02967241359385,1.08845439266002,0,1,0,1,1,0,1
"211",38,20,0.71827172148266,0.287740115236643,-0.156416000740865,-2.27837896640945,0,0,0,0,0,0,0
"212",38,20,0.91598685451143,-0.785890263242174,0.334875387519094,-0.592018000644219,1,0,0,0,1,0,0
"213",40,20,0.652366677139737,-0.441518255050856,-0.298253263460268,-0.930672849266873,1,0,0,0,0,0,1
"214",29,19,0.355793977596583,0.0243968148550462,0.795332588231357,-0.949785840203352,0,0,0,0,0,0,0
"215",40,20,0.174555105653544,-0.380746724193564,-0.606595138937229,-0.214416714195752,1,1,0,1,0,1,1
"216",35,20,0.289888933253659,0.0243968148550462,0.193038124799691,-1.16192152522517,0,0,0,0,0,0,0
"217",32,20,1.01484442102581,-0.785890263242174,-0.635373713981746,1.18399985703466,1,1,0,1,1,0,1
"218",36,19,0.734747982568391,-0.785890263242174,-0.135859875709068,1.7380315898652,1,1,0,0,0,1,1
"219",30,19,-1.32478465314796,-0.380746724193564,-0.945771201961887,0.279343079980967,0,1,0,1,1,0,0
"220",39,19,-1.20121269500498,-0.178174954669259,-0.945771201961887,0.294981701125442,0,1,0,0,1,0,1
"221",39,19,-1.70373865811977,-0.137660600764398,-0.945771201961887,-0.0972662927980426,0,1,0,1,1,0,0
"222",40,19,-1.51426165563386,0.5915977695231,-0.945771201961887,-0.195798750726088,0,1,0,1,1,0,1
"223",39,19,0.70179546039693,0.0243968148550462,-0.0248568005373615,0.542438420367515,1,1,0,1,1,0,0
"224",38,19,0.602937893882545,-0.745375909337313,0.392432537608127,0.695348431471023,0,1,0,0,0,1,0
"225",32,6,-0.245589552032592,1.08182145177192,2.25892869049534,0.0823660715352229,0,1,0,0,1,0,1
"226",35,6,0.429937152482371,0.5915977695231,-0.27769713842847,-1.07882327503335,1,0,0,0,1,0,1
"227",22,6,0.0180306253391012,1.88805709447865,-0.705264539089857,-1.58696520910675,1,0,0,0,0,0,0
"228",39,21,-1.506023525091,-0.19843213162169,-0.945771201961887,0.185654812509971,0,1,0,1,1,0,0
"229",40,21,0.775938635282718,-1.3895541364246,-0.448312976192389,1.72373437875214,1,1,1,0,0,1,1
"230",34,21,0.965415637768622,-0.785890263242174,1.42435001420436,0.360561916805936,1,1,0,1,0,0,0
"231",14,13,0.891272462882834,-0.785890263242174,0.277318237430061,-0.0379860039702089,1,1,0,1,0,1,1
"232",39,13,0.545270980082487,-0.542804139813008,0.589771337913382,0.523544393542962,0,0,0,0,1,0,0
"233",22,13,1.03955881265441,-0.785890263242174,-0.0207455755310021,0.935868384561219,1,1,0,1,1,0,0
"234",39,12,0.800653026911314,-0.380746724193564,0.655550938015134,0.697737803269281,0,1,0,0,0,1,0
"235",29,12,-1.44011848074807,-0.178174954669259,-0.945771201961887,1.06909926807063,0,1,0,1,1,0,0
"236",33,12,0.973653768311488,0.328254469141504,-0.028968025543721,0.995788135947094,1,1,0,1,1,0,0
"237",26,12,0.775938635282718,-0.785890263242174,2.0698123402028,1.42586089655736,0,1,0,1,0,1,0
"238",31,12,1.17136890134026,-0.259203662478981,1.29690203900721,-1.10906735300239,0,0,0,0,0,0,0
"239",39,12,-1.34949904477656,-0.137660600764398,-0.945771201961887,0.331413737161729,0,1,0,1,1,0,0
"240",39,12,1.16313077079739,-0.785890263242174,1.54563115189196,0.917797336358992,1,1,0,1,0,0,0
"241",39,20,-1.33302278369082,-0.137660600764398,-0.945771201961887,0.0921247542647193,0,1,0,1,1,0,0
"242",39,20,1.03955881265441,-0.785890263242174,2.13559194030455,0.672887431145436,1,1,0,1,0,1,0
"243",32,20,-0.113779463346745,-0.19843213162169,-0.380477763587457,-0.483415002588659,1,0,0,0,0,1,1
"244",22,20,-1.34949904477656,0.0243968148550462,-0.945771201961887,1.00389959610907,0,1,0,1,1,0,1
"245",33,19,0.191031366739275,-0.21868930857412,-0.643596163994465,-0.966364096087035,0,0,0,0,0,1,0
"246",28,19,0.792414896368449,-0.785890263242174,0.324597325003195,1.12786795252648,0,1,0,1,0,1,0
"247",39,19,0.907748723968565,0.18645423047449,-0.386644601096997,-0.183073627196667,0,0,0,0,1,0,0
"248",38,19,1.0889875959116,-0.785890263242174,-0.0680246631041361,-0.107837970632245,0,1,0,1,0,0,0
"249",39,20,0.784176765825584,-0.785890263242174,-0.168749675759944,-0.621058856739257,0,1,0,1,0,0,0
"250",34,19,0.70179546039693,-0.137660600764398,-0.446257363689209,1.02906516015156,0,1,0,1,1,0,1
"251",25,20,-0.0808269411752836,0.57134059257067,-0.861491089331518,-0.900163317702767,1,1,0,1,0,0,1
"252",39,19,-1.18473643391925,-0.380746724193564,-0.945771201961887,0.757082352386781,0,1,0,1,1,0,0
"253",36,19,0.891272462882834,-0.461775432003286,2.94755887906055,0.949505748432372,0,1,0,1,1,0,1
"254",39,6,0.158078844567813,-0.542804139813008,-0.503814513778242,0.074769001078717,0,1,0,1,0,1,0
"255",39,6,-0.270303943661188,0.551083415618239,1.35651480159943,1.20335654216285,0,1,0,1,1,0,1
"256",14,6,1.02308255156868,-0.299718016383842,0.334875387519094,-0.544689774743688,1,0,0,0,1,0,0
"257",8,6,0.775938635282718,-0.826404617147035,1.02761680109067,1.11740274611859,0,1,0,1,1,0,1
"258",40,6,1.0889875959116,0.854941069904697,-0.398978276116075,-0.651663091345003,1,0,0,0,0,1,1
"259",19,7,0.668842938225468,0.368768823046365,-0.189305800791741,-1.70937654019593,1,0,0,0,0,0,0
"260",38,6,0.800653026911314,0.551083415618239,1.36679286411533,-1.66450514946052,0,0,0,0,0,1,0
"261",34,7,0.495842196825295,-0.421261078098425,-0.0556909880850577,1.34562275599651,0,1,0,0,1,0,1
"262",35,6,-0.393875901804169,1.48696499082053,-0.187250188288561,-1.15182946909866,1,0,0,0,1,0,0
"263",28,6,0.710033590939795,0.895455423809558,-0.803933939242485,-2.20694487795427,1,0,0,0,0,0,0
"264",11,7,0.907748723968565,-0.21868930857412,0.0964243371502435,0.621610021993531,1,1,0,1,0,1,1
"265",37,7,-0.146731985518207,2.19191474876511,-0.0413017005627995,-2.45458516752927,1,0,0,0,0,1,1
"266",23,6,0.372270238682313,0.794169539047405,1.16534283880371,-2.06772737240614,0,0,0,0,0,0,0
"267",34,7,0.784176765825584,-0.137660600764398,0.314319262487296,0.386040389674567,1,1,0,1,0,0,1
"268",23,7,0.347555847053717,0.231020019769837,-0.575760951389533,-0.341255593521921,0,0,0,0,0,1,0
"269",21,6,1.19608329296885,0.328254469141504,-0.374310926077918,-2.02217600881923,1,0,0,0,0,0,0
"270",40,7,0.932463115597161,-0.421261078098425,0.805610650747256,0.551979239523246,0,1,0,1,1,0,1
"271",20,7,0.281650802710794,1.80702838666893,0.406821825130385,-2.10282032741024,0,0,0,0,0,0,1
"272",30,7,-0.130255724432476,1.50317073238247,1.81491638980851,-0.540916876468284,0,0,0,0,0,0,1
"273",35,7,0.125126322396351,0.530826238665809,1.16739845130689,-1.2633647550508,0,0,0,0,0,0,1
"274",10,7,1.01484442102581,-0.684604378480021,2.0903684652346,0.678552827153152,0,1,0,0,1,0,1
"275",31,7,-1.46483287237667,-0.214637873183634,-0.945771201961887,0.800445108515048,0,1,0,0,1,0,0
"276",29,7,0.50408032736816,-0.421261078098425,-0.514092576294141,1.1060525888467,1,1,0,1,1,0,0
"277",38,7,1.09722572645447,-0.522546962860577,-0.176972125772663,0.628087329278487,0,1,0,1,1,0,0
"278",13,7,1.06427320428301,-0.401003901145994,-0.464757876217827,-0.110602603062674,0,0,0,0,0,1,1
"279",40,7,-0.31973272691838,0.328254469141504,-0.446257363689209,-0.653918275507941,0,0,0,0,0,1,0
"280",28,7,0.660604807682603,0.226968584379351,0.184815674786973,0.76665569411658,0,1,0,0,0,1,0
"281",39,7,1.36908403436903,-0.401003901145994,-0.318809388492065,-0.378370564731488,0,0,0,0,0,1,0
"282",39,7,1.05603507374014,-0.421261078098425,-0.181083350779022,-0.129079696438124,0,1,0,1,0,0,0
"283",39,7,1.3278933816547,-0.785890263242174,0.552770312856147,0.956664835180901,1,1,0,1,0,1,0
"284",26,8,0.339317716510852,-0.785890263242174,-0.427756851160592,-0.235795116721731,0,0,0,0,0,1,1
"285",19,7,0.957177507225757,-0.785890263242174,3.76569265532609,1.48030131094185,0,1,0,1,1,0,0
"286",34,7,1.03955881265441,-0.785890263242174,-0.00841190051192351,0.0397859157172822,0,1,0,1,1,0,0
"287",40,19,-2.25569340449175,0.267482938284212,-0.945771201961887,-0.00380140625021299,0,1,0,1,0,1,0
"288",39,19,1.3031789900261,-0.785890263242174,-0.181083350779022,-0.485431206730851,0,0,0,0,0,1,0
"289",25,19,-1.58016669997679,-0.275409404040925,-0.945771201961887,0.452564098130404,0,1,0,1,1,0,0
"290",40,19,-1.6955005275769,-0.178174954669259,-0.945771201961887,0.603378396545971,0,1,0,1,1,0,1
"291",40,19,-1.70373865811977,0.0487054271979627,-0.945771201961887,0.91973149641494,0,1,0,1,1,0,1
"292",31,18,0.0180306253391012,1.04130709786706,-0.0310236380469008,-2.35337810393284,0,0,0,0,0,0,0
"293",38,18,1.00660629048295,-0.785890263242174,1.02761680109067,0.840956554745504,0,1,0,1,0,1,0
"294",38,18,0.891272462882834,-0.137660600764398,0.201260574812411,1.53015995676936,0,1,0,1,0,0,0
"295",39,6,-0.0808269411752836,3.79223172800712,2.62688332856451,-1.65568940593319,0,0,0,0,1,0,0
"296",37,6,-0.369161510175573,0.247225761331782,2.15820367783953,0.565235455610403,1,1,0,1,1,0,1
"297",28,6,-0.171446377146803,1.7867712097165,-0.458591038708288,-1.57026414881006,1,0,0,0,1,0,1
"298",40,6,0.372270238682313,2.69834417257587,1.54768676439514,-1.29760495918449,0,0,0,0,0,1,1
"299",40,6,-0.179684507689668,1.84754274057379,0.692551963072369,-0.974610551916939,0,0,0,0,0,1,1
"300",23,6,0.471127805196698,-0.86286753566141,-0.158471613244045,-0.0614791839040349,1,1,0,1,0,1,0
"301",39,7,-1.45659474183381,-0.542804139813008,-0.945771201961887,0.319131335408664,0,1,0,1,1,0,0
"302",11,7,1.1384163791688,0.692883654285253,0.0882018871375244,-0.110854185616219,1,1,0,1,1,0,1
"303",8,7,0.998368159940084,-0.137660600764398,-0.52437063881004,-0.224626837998709,0,1,0,1,0,0,1
"304",10,7,0.141602583482082,2.27699489196532,-0.390755826103356,-2.61211978706297,0,0,0,0,0,0,1
"305",37,6,1.15489264025453,0.18645423047449,-0.0844695631295741,0.398955576219713,1,1,0,1,0,1,0
"306",26,6,0.792414896368449,-0.684604378480021,0.209483024825129,0.665700483003169,0,1,0,1,0,0,0
"307",32,7,0.322841455425121,-0.684604378480021,-0.144082325721787,1.57177922607625,0,1,0,1,0,1,1
"308",40,7,0.990130029397219,-0.542804139813008,1.93003068998658,0.159295279922857,0,1,0,0,1,0,1
"309",14,7,0.561747241168218,-0.684604378480021,1.67102351458593,0.244294823211817,0,1,0,1,0,0,0
"310",18,7,-0.0973032022610144,0.267482938284212,-0.452424201198749,0.164908001934524,0,1,0,1,1,0,0
"311",40,7,-0.278542074204053,0.875198246857127,0.0141998370230536,-2.01233730687144,0,0,0,0,1,0,1
"312",23,7,0.619414154968276,0.854941069904697,-0.0968032381486525,-2.0793342251604,0,0,0,0,0,0,1
"313",39,7,1.38556029545476,-0.380746724193564,0.338986612525453,0.454767616299428,1,1,0,1,0,0,1
"314",38,7,-1.52249978617673,-0.117403423811967,-0.945771201961887,0.186532433024497,0,1,0,1,1,0,0
"315",21,7,0.182793236196409,1.60445661714463,-0.312642550982526,-2.31200631888227,1,0,0,0,0,1,1
"316",35,7,0.429937152482371,-0.542804139813008,1.82108322731805,0.223642369136094,1,1,0,1,0,0,1
"317",29,7,1.43498907871195,-0.319975193336272,-0.413367563638333,0.385181448066161,1,1,0,1,0,1,1
"318",9,7,0.652366677139737,0.141888441179143,-0.19958386330764,-0.952536216016751,1,0,0,0,1,0,0
"319",39,7,0.149840714024948,1.64497097104949,0.299929974965038,-2.38160578728395,0,0,0,0,0,0,0
"320",38,7,1.02308255156868,0.348511646093934,-0.162582838250404,-2.06772737240614,0,0,0,0,0,0,0
"321",11,7,1.0889875959116,0.0243968148550462,-0.191361413294921,0.0634409516025803,1,1,0,1,0,1,0
"322",12,7,-0.163208246603938,1.07777001638143,-0.657985451516723,-2.4176525978687,1,0,0,0,0,0,0
"323",40,19,-1.27535586989077,-0.785890263242174,-0.945771201961887,1.26040392750934,0,1,0,0,0,1,1
"324",31,19,1.10546385699733,-0.141712036154884,0.439711625181261,1.08084470756116,1,1,0,1,1,0,1
"325",28,19,0.553509110625352,-0.785890263242174,-0.11735936318045,0.304459149014672,0,1,0,0,0,1,0
"326",39,18,-1.62959548323398,0.632112123427961,-0.945771201961887,0.947298468030189,0,1,0,1,1,0,0
"327",20,18,0.734747982568391,-0.785890263242174,1.01528312607159,-0.287246910437202,1,0,0,0,0,0,0
"328",39,18,-1.17649830337638,-0.178174954669259,-0.945771201961887,0.679928678185412,0,1,0,1,1,0,0
"329",39,18,0.891272462882834,-0.785890263242174,0.176593224774254,0.644311765825964,1,1,0,0,0,1,0
"330",39,18,1.01484442102581,-0.785890263242174,-0.320865000995245,-0.0920392655117066,1,1,0,1,1,0,0
"331",31,18,-1.65430987486258,-0.0323232806117591,-0.945771201961887,0.202395814670777,0,1,0,1,1,0,0
"332",38,18,-1.58840483051965,0.899506859200044,-0.945771201961887,0.242754451208329,0,1,0,0,0,1,1
"333",40,18,-1.24240334771931,-0.441518255050856,-0.945771201961887,-0.0517112077328301,0,1,0,1,1,0,1
"334",39,18,-0.904639995461824,-0.579267058327383,-0.945771201961887,0.936025120289847,0,1,0,1,1,0,0
"335",40,18,-0.814020559490304,-0.785890263242174,-0.945771201961887,0.841924614718255,0,1,0,1,0,1,1
"336",36,16,0.874796201797103,-0.684604378480021,-0.713486989102576,1.04036623543847,0,1,0,0,1,0,0
"337",21,17,0.380508369225179,-0.482032608955717,-0.466813488721007,0.702541795772345,1,1,0,1,1,0,0
"338",36,16,0.775938635282718,-0.153866342326342,0.493157550263934,0.096185948397237,0,0,0,0,0,1,0
"339",40,16,-1.16826017283352,-0.279460839431411,-0.945771201961887,-0.475296960544085,0,1,0,1,0,0,1
"340",40,16,-1.16826017283352,-0.279460839431411,-0.945771201961887,0.123826955695905,0,1,0,1,1,0,1
"341",40,16,-2.00854948820579,-0.137660600764398,-0.945771201961887,0.252516514786423,0,1,0,0,1,0,1
"342",40,16,-1.98383509657719,-0.542804139813008,-0.945771201961887,0.5765852399202,0,1,0,1,1,0,1
"343",35,15,0.166316975110678,0.247225761331782,-0.335254288517503,-1.66450514946052,1,0,0,0,0,0,0
"344",39,15,-1.89321566060567,0.389025999998795,-0.945771201961887,0.594985442918848,0,1,0,0,1,0,0
"345",18,15,1.25375020676891,0.18645423047449,-0.179027738275842,-0.14559652136893,1,0,0,0,0,0,0
"346",31,15,0.215745758367871,0.206711407426921,2.16437051534907,0.767181865942849,1,1,0,1,1,0,0
"347",39,15,-1.41540408911948,-0.113351988421481,-0.945771201961887,-0.203004261261037,0,0,0,0,0,1,0
"348",28,15,-1.59664296106252,-0.482032608955717,-0.945771201961887,0.3709604086107,0,1,0,1,1,0,0
"349",39,15,-1.67902426649117,0.231020019769837,-0.945771201961887,0.436130654344281,0,1,0,0,1,0,0
"350",40,15,1.08074946536874,0.814426715999836,0.431489175168542,-0.823357871843572,1,0,0,0,1,0,1
"351",37,15,-0.492733468318554,0.5915977695231,0.0964243371502435,-0.0235538445701156,1,1,0,1,1,0,0
"352",40,15,-0.122017593889611,1.54368508628733,-0.405145113625614,-2.53444067478619,1,0,0,0,1,0,1
"353",40,15,0.874796201797103,1.19931307809602,0.832333613288592,-0.553530208914575,0,0,0,0,0,0,1
"354",40,15,-1.25064147826217,-0.340232370288703,-0.945771201961887,0.809849327476226,0,1,0,1,1,0,1
"355",40,15,0.858319940711372,-0.178174954669259,0.684329513059651,1.06683107442612,0,1,0,1,1,0,1
"356",40,15,-0.871687473290362,0.145939876569629,-0.945771201961887,-1.46600882743224,0,0,0,0,1,0,1
"357",25,15,-1.99207322712006,-0.421261078098425,-0.945771201961887,0.30164130608478,0,1,0,0,1,0,1
"358",18,14,-0.0313981579180912,0.129734135007685,0.7706652381932,-0.980320370566318,0,0,0,0,0,0,0
"359",31,14,-0.10554133280388,0.935969777714419,-0.608650751440409,-1.19093225884753,1,0,0,0,0,0,0
"360",37,14,0.0674594085962936,0.18645423047449,-0.162582838250404,-0.150432171532099,0,0,0,0,0,1,0
"361",40,14,0.528794718996756,0.713140831237683,-0.462702263714647,-2.34640324240247,0,0,0,0,1,0,1
"362",16,14,0.339317716510852,-0.785890263242174,1.80669393979579,0.736856378850027,0,1,0,1,1,0,1
"363",19,18,1.06427320428301,0.0243968148550462,0.667884613034213,-0.0825650654300371,0,0,0,0,0,0,0
"364",40,18,1.31141712056897,0.0243968148550462,1.4407949142298,-0.301460538459414,0,0,0,0,1,0,1
"365",28,18,1.02308255156868,-0.319975193336272,-0.491480838759164,-0.906450803760994,1,0,0,0,0,0,1
"366",39,18,1.19608329296885,-0.785890263242174,0.240317212372826,0.70188261441183,0,1,0,0,0,1,0
"367",35,18,-1.63783361377684,0.251277196722268,-0.945771201961887,-0.925256339035482,0,0,0,0,1,0,0
"368",40,18,-0.698686731890189,-0.785890263242174,-0.945771201961887,0.0147115288196491,0,1,0,1,1,0,1
"369",20,18,0.182793236196409,0.149991311960115,0.624716750467438,0.0101916812762028,0,0,0,0,1,0,1
"370",35,17,0.965415637768622,-0.461775432003286,2.15409245283317,-0.661429844676793,0,1,0,1,0,0,1
"371",37,16,0.677081068768333,0.105425522664768,-0.569594113879994,-0.949785840203352,1,0,0,0,0,0,0
"372",38,16,0.850081810168507,0.429540353903656,0.271151399920522,-1.14305416499208,0,0,0,0,1,0,0
"373",22,16,0.825367418539911,0.307997292189073,-0.639484938988105,-0.507789806407003,1,0,0,0,0,1,1
"374",39,16,-1.30830839206223,0.0243968148550462,-0.945771201961887,-0.810779723441537,0,0,0,0,1,0,0
"375",34,16,0.133364452939217,0.636163558818447,0.318430487493656,-0.585534539998052,0,0,0,0,0,1,1
"376",40,16,-1.98383509657719,-0.542804139813008,-0.945771201961887,0.197741441692665,0,1,0,1,1,0,1
"377",39,15,0.207507627825005,-0.785890263242174,0.721330538116886,0.584328895644526,0,1,0,1,1,0,0
"378",40,15,-0.311494596375515,2.35802359977504,1.10984130121786,-1.21670220625323,0,0,0,0,1,0,0
"379",39,15,-0.154970116061072,1.10207862872435,-0.232473663358516,-0.104451947841915,1,0,0,0,1,0,0
"380",24,15,-0.245589552032592,1.44645063691567,-0.164638450753584,-1.81307834289225,1,0,0,0,0,0,0
"381",39,15,-1.20121269500498,0.0689626041503932,-0.945771201961887,-0.538824906801949,0,0,0,0,0,1,0
"382",30,15,-0.171446377146803,0.57134059257067,0.281429462436421,-0.46937679549049,0,0,0,0,1,0,1
"383",40,15,1.02308255156868,-0.174123519278773,-0.407200726128794,0.218901901644041,0,1,0,1,0,1,1
"384",40,15,0.751224243654122,-0.340232370288703,0.338986612525453,-0.218735718541688,0,1,0,1,0,0,1
"385",26,14,0.965415637768622,-0.380746724193564,0.312263649984117,-0.184724456536285,1,0,0,0,1,0,0
"386",40,15,0.833605549082776,-0.785890263242174,1.0646178261479,0.924824489343862,0,1,0,0,0,0,1
"387",24,15,-1.72845304974836,-0.0525804575641897,-0.945771201961887,-0.0815160533643564,0,1,0,1,1,0,0
"388",19,15,0.281650802710794,-0.583318493717869,-0.148193550728146,0.053493628711188,0,1,0,1,1,0,1
"389",29,15,0.594699763339679,0.00413963790261568,0.00392177450715489,-0.0857165014791175,0,0,0,0,0,1,0
"390",38,14,0.751224243654122,1.88805709447865,-0.296197650957088,-1.73695676285961,1,0,0,0,0,0,0
"391",40,15,-1.18473643391925,-0.579267058327383,-0.945771201961887,0.473432194902347,0,1,0,1,1,0,1
"392",38,14,0.207507627825005,-0.153866342326342,-0.76076607667571,0.824065762940779,1,1,0,0,1,0,0
"393",22,14,0.141602583482082,-0.461775432003286,0.614438687951539,0.870352818903991,1,1,0,1,1,0,0
"394",30,14,0.948939376682892,-0.19843213162169,0.267040174914162,-0.513945773903158,0,0,0,0,0,1,0
"395",39,14,-0.154970116061072,0.636163558818447,0.402710600124026,-0.893160885504233,1,0,0,0,1,0,0
"396",35,14,-0.253827682575457,2.37828077672747,0.153981487239276,-1.11102385176562,0,0,0,0,1,0,0
"397",38,14,0.841843679625641,-0.785890263242174,2.50971341588326,1.35729680665478,0,1,0,1,0,1,1
"398",25,14,0.940701246140026,-0.542804139813008,0.349264675041352,1.44874364283966,0,1,0,1,1,0,0
"399",26,14,0.429937152482371,-0.19843213162169,-0.635373713981746,-0.751827855380794,0,0,0,0,0,1,0
"400",38,14,0.0674594085962936,-0.518495527470091,-0.273585913422111,0.322859600465511,0,0,0,0,1,0,1
"401",39,13,-1.52249978617673,0.733398008190114,-0.945771201961887,-0.14830256858406,0,1,0,1,1,0,0
"402",22,14,-0.10554133280388,1.14259298262921,-0.160527225747225,-1.59961392298672,1,0,0,0,0,1,1
"403",39,14,1.20432142351172,-0.785890263242174,2.93316959153829,-0.340375999253597,0,1,0,0,0,0,1
"404",21,13,0.677081068768333,-0.178174954669259,-0.19547263830128,-0.825886181880633,1,0,0,0,0,1,0
"405",39,13,0.256936411082198,-0.21868930857412,-0.888214051872855,0.0983766282714567,1,1,0,1,0,1,0
"406",39,13,0.973653768311488,-0.319975193336272,-0.0844695631295741,-0.3302974893659,1,0,0,0,1,0,0
"407",33,13,0.232222019453602,0.490311884760948,-0.639484938988105,-2.06195738465782,1,0,0,0,0,1,0
"408",25,13,-1.68726239703404,-0.21868930857412,-0.945771201961887,0.176070958396752,0,1,0,1,0,0,1
"409",35,13,-1.14354578120492,-0.785890263242174,-0.945771201961887,0.619560780193408,0,1,0,1,1,0,0
"410",27,12,0.940701246140026,1.11828437028629,-0.60042830142769,-2.40312997317656,1,0,0,0,0,0,0
"411",40,12,-2.22274088232029,-0.178174954669259,-0.945771201961887,0.244791380851823,0,1,0,1,0,0,0
"412",40,12,-1.58016669997679,-0.178174954669259,-0.945771201961887,-0.576933200573879,0,0,0,0,1,0,0
"413",39,12,1.03955881265441,0.368768823046365,-0.335254288517503,-0.406820877122868,1,0,0,0,0,1,0
"414",38,12,0.545270980082487,0.226968584379351,-0.164638450753584,-0.903783402949815,0,0,0,0,0,1,1
"415",24,11,0.71827172148266,1.44239920152518,-0.60042830142769,-2.23252983547003,0,0,0,0,0,0,0
"416",22,11,0.61117602442541,0.18645423047449,0.651439713008775,-0.820833807501267,0,0,0,0,0,0,0
"417",37,11,0.0592212780534282,2.00960015619324,-0.0865251756327539,-2.45458516752927,0,0,0,0,1,0,0
"418",21,11,1.28670272894037,-0.785890263242174,1.27223468896906,0.773586374815575,1,1,0,1,1,0,0
"419",40,11,0.0921738002248898,0.35256308148442,0.573326437887944,-0.911799848419154,1,0,0,0,1,0,0
"420",40,11,0.91598685451143,-0.542804139813008,1.24345611392454,-0.0935308479828044,0,1,0,1,0,1,1
"421",25,11,0.298127063796525,0.267482938284212,-0.111192525670911,-1.34331617671232,0,0,0,0,0,0,1
"422",32,11,1.09722572645447,-0.785890263242174,2.59604914101681,1.23926407258169,0,1,0,1,0,1,1
"423",16,11,-1.12706952011919,0.226968584379351,-0.945771201961887,0.908887152551101,0,1,0,1,1,0,1
"424",38,11,0.265174541625063,-0.0971462468595369,0.869334638345828,0.150651716222233,0,1,0,1,0,1,0
"425",37,11,-0.904639995461824,-0.380746724193564,-0.945771201961887,0.341828968197899,0,1,0,1,1,0,1
"426",40,11,0.668842938225468,4.36348411806566,0.0470896370739296,-2.68006717327094,0,0,0,0,0,0,1
"427",33,14,1.10546385699733,-0.0768890699071064,-0.789544651720227,-0.0536476208515798,1,1,0,1,1,0,0
"428",40,14,-1.31654652260509,-0.174123519278773,-0.945771201961887,0.205150951829898,0,1,0,1,1,0,1
"429",40,14,1.0889875959116,-0.0768890699071064,0.28759629994596,-0.979423277157039,0,1,0,1,0,0,1
"430",15,14,0.858319940711372,0.307997292189073,0.918669338422142,-1.62954822594777,1,0,0,0,0,0,0
"431",39,14,0.965415637768622,-0.785890263242174,0.0512008620802891,1.1825373418076,0,1,0,1,1,0,0
"432",31,13,-0.0725888106324182,2.03390876853615,0.361598350060431,-2.03818916610206,1,0,0,0,0,1,0
"433",25,13,0.850081810168507,-0.542804139813008,-0.43803491367649,1.28964769944694,0,1,0,0,0,1,0
"434",39,13,-1.78611996354842,0.429540353903656,-0.945771201961887,0.800582319703481,0,1,0,0,0,1,0
"435",36,13,0.883034332339968,-0.380746724193564,0.743942275651863,0.374106979666878,0,1,0,1,1,0,0
"436",39,13,-0.962306909261882,-0.798044569413632,-0.945771201961887,-0.463400326532609,0,0,0,0,0,1,0
"437",29,13,0.619414154968276,1.9893429792408,0.375987637582689,-1.93692304499981,1,0,0,0,0,0,1
"438",16,13,0.495842196825295,1.09802719333386,-0.370199701071559,-1.47377669982486,1,0,0,0,0,0,1
"439",15,13,1.10546385699733,-0.178174954669259,0.885779538371266,-0.0607489426122798,0,1,0,1,0,1,1
"440",33,13,1.25375020676891,0.0243968148550462,-0.275641525925291,-1.27355516671142,1,0,0,0,1,0,1
"441",40,12,0.742986113111257,-0.785890263242174,1.72241382716542,0.476626930555828,0,1,0,1,1,0,1
"442",40,12,0.39698463031091,4.26219823330351,1.2681234639627,-1.35406530449707,0,0,0,0,1,0,1
"443",35,12,0.561747241168218,-0.482032608955717,0.00186616200397523,1.12828173916712,0,1,0,1,1,0,1
"444",39,12,-1.16826017283352,-0.299718016383842,-0.945771201961887,-0.0208853914254864,0,1,0,1,1,0,0
"445",39,12,-2.10740705472017,-0.174123519278773,-0.945771201961887,0.404055013160843,0,1,0,0,1,0,0
"446",40,12,-0.566876643204342,-0.0161175390498148,0.0635345370993675,0.29771618819117,1,1,0,1,1,0,1
"447",28,12,-0.270303943661188,1.30059896285817,-0.643596163994465,-1.15623640827168,0,0,0,0,0,1,1
"448",17,12,1.03132068211155,-0.178174954669259,0.719274925613706,-0.0170393034074389,0,1,0,1,1,0,0
"449",24,12,0.948939376682892,0.429540353903656,-0.35786602605248,-1.81307834289225,1,0,0,0,1,0,0
"450",38,11,0.19926949728214,1.5234279093349,-0.6805971890517,-1.64692506645035,0,0,0,0,0,1,0
"451",38,11,0.0427450169676974,1.30465039824865,-0.805989551745665,-2.64570956394581,1,0,0,0,0,0,0
"452",12,11,0.940701246140026,-0.380746724193564,1.95675365252791,0.756058058920528,0,1,0,1,0,1,0
"453",40,12,0.899510593425699,-1.75418332156835,1.42640562670754,0.105746689163259,0,1,0,1,0,1,1
"454",30,11,0.232222019453602,-0.137660600764398,0.160148324748816,1.13719183913567,1,1,0,1,1,0,0
"455",39,11,0.800653026911314,-0.785890263242174,0.974170876007995,1.10767530209031,0,1,0,1,1,0,0
"456",39,11,-1.20945082554784,-0.178174954669259,-0.945771201961887,-0.150690510373905,0,1,0,0,1,0,0
"457",38,11,1.01484442102581,-0.482032608955717,0.254706499895084,0.795152930976226,0,1,0,1,0,1,0
"458",21,11,1.1137019875402,-0.684604378480021,-0.699097701580318,1.08374547390881,1,1,0,1,1,0,1
"459",39,11,0.891272462882834,0.231020019769837,-0.0207455755310021,-1.20064169334189,0,0,0,0,0,0,0
"460",39,11,1.08074946536874,-0.785890263242174,1.9382531399993,0.3673039451822,1,1,0,1,0,0,0
"461",19,11,1.03132068211155,-0.279460839431411,0.871390250849008,0.21272700137318,0,1,0,1,1,0,1
"462",39,11,1.24551207622605,-0.279460839431411,0.314319262487296,0.0130905827777277,0,0,0,0,0,0,0
"463",39,11,-0.00668376628949498,0.753655185142544,0.162203937251995,-1.65568940593319,0,0,0,0,0,1,0
"464",21,11,1.07251133482587,-0.603575670670299,-0.6805971890517,1.16420213792446,1,1,0,0,1,0,1
"465",29,10,0.39698463031091,0.226968584379351,0.906335663403063,0.734994314095941,1,1,0,1,0,1,0
"466",24,10,0.528794718996756,0.672626477332822,-0.692930864070779,-1.34331617671232,0,0,0,0,0,0,0
"467",39,10,0.957177507225757,-0.684604378480021,0.441767237684441,0.171594869463113,1,1,0,1,0,1,0
"468",28,10,1.08074946536874,-0.785890263242174,0.371876412576329,0.982474942573215,1,1,0,1,0,1,0
"469",11,10,-0.229113290946861,4.7888848340667,-0.322920613498425,-2.4103737460526,1,0,0,0,1,0,0
"470",37,10,0.751224243654122,-0.380746724193564,-0.559316051364095,-0.321226369724015,1,0,0,0,0,0,0
"471",39,10,-0.575114773747208,1.06156427481949,1.43668368922344,0.269119331548268,1,1,0,0,0,0,0
"472",19,10,0.240460149996467,0.105425522664768,0.234150374863286,-1.2003819594614,0,0,0,0,0,0,0
"473",38,10,0.240460149996467,0.449797530856087,-0.413367563638333,-2.05048343609594,1,0,0,0,0,1,0
"474",35,10,0.289888933253659,0.0851683457123378,0.0141998370230536,-0.45546848774268,0,0,0,0,0,0,1
"475",39,10,0.70179546039693,1.28034178590574,-0.152304775734506,-1.32204582228879,0,0,0,0,1,0,1
"476",39,10,0.388746499768044,-0.502289785908147,2.48710167834829,0.117031777989687,0,1,0,1,1,0,1
"477",15,10,-1.39892782803375,-0.704861555432452,-0.945771201961887,-0.0729048584415327,0,1,0,1,0,1,1
"478",40,10,1.25375020676891,-0.785890263242174,0.439711625181261,0.791878958950735,1,1,0,1,1,0,1
"479",17,10,0.899510593425699,-0.785890263242174,-0.343476738530222,0.376337508042078,0,1,0,0,0,1,1
"480",38,9,0.767700504739853,-0.785890263242174,1.66280106457321,0.313782374978319,0,1,0,1,0,1,0
"481",23,10,-1.72845304974836,0.206711407426921,-0.945771201961887,-0.0830589716080222,0,1,0,1,1,0,1
"482",21,10,1.28670272894037,-0.137660600764398,0.156037099742456,0.180015507523849,1,1,0,1,0,0,0
"483",37,10,0.446413413568102,-0.745375909337313,1.21467753888002,0.858617009687982,0,1,0,1,1,0,1
"484",40,10,0.561747241168218,-0.0971462468595369,-0.224251213345797,-0.0421264747769849,1,1,0,0,1,0,1
"485",39,9,-0.764591776233112,0.0243968148550462,-0.945771201961887,0.357156492618406,0,0,0,0,0,1,0
"486",24,9,-0.31973272691838,2.64162407710907,0.195093737302871,-1.28381513803435,0,0,0,0,0,1,0
"487",40,10,-0.295018335289784,0.251277196722268,0.85083412581721,0.585318793049035,1,1,0,1,1,0,1
"488",36,10,0.0180306253391012,0.133785570398171,0.20537179981877,-0.778560782497866,0,0,0,0,0,0,0
"489",14,9,0.990130029397219,0.409283176951226,-0.569594113879994,-0.947040487910216,0,0,0,0,0,0,0
"490",36,9,0.594699763339679,0.307997292189073,-0.135859875709068,-0.808276675464874,1,0,0,0,1,0,0
"491",31,9,-1.19297456446211,0.0243968148550462,-0.945771201961887,0.497711423229703,0,1,0,1,1,0,1
"492",34,9,0.594699763339679,-0.178174954669259,-0.579872176395893,1.19052392809323,0,1,0,0,1,0,1
"493",34,9,-0.995259431433343,0.530826238665809,-0.945771201961887,-0.503699790379597,0,0,0,0,1,0,0
"494",35,9,0.19926949728214,2.00960015619324,-0.329087451007964,-2.2454875016023,1,0,0,0,0,1,1
"495",39,9,-1.2918321309765,0.919764036152474,-0.945771201961887,0.417835046638858,0,1,0,1,1,0,0
"496",10,9,0.833605549082776,-0.785890263242174,-0.146137938224967,0.132144182144725,0,1,0,1,0,0,1
"497",22,9,0.825367418539911,0.0243968148550462,-0.536704313829118,1.29814598001389,0,1,0,1,1,0,1
"498",35,9,-0.220875160403995,3.71525445558788,-0.368144088568379,-2.84017112311049,1,0,0,0,0,0,0
"499",10,9,-1.88497753006281,0.267482938284212,-0.945771201961887,0.223592017228727,0,1,0,1,1,0,1
"500",34,9,0.751224243654122,-0.461775432003286,-0.583983401402252,0.275407868302423,0,1,0,1,1,0,1
"501",39,8,1.13017824862593,-0.401003901145994,-0.705264539089857,0.296277604610981,1,1,0,1,0,1,0
"502",39,8,-0.0643506800895528,2.41474369524185,-0.216028763333078,-2.54711160303842,1,0,0,0,0,0,0
"503",29,8,-1.2671177393479,-0.518495527470091,-0.945771201961887,0.150810277323981,0,1,0,1,1,0,0
"504",23,11,0.800653026911314,1.17905590114359,-0.612761976446769,-1.72310339324893,1,0,0,0,0,1,1
"505",32,10,0.998368159940084,-0.785890263242174,0.193038124799691,0.81059912929618,0,1,0,1,1,0,0
"506",11,10,0.240460149996467,-0.178174954669259,-0.368144088568379,0.384819641544147,0,1,0,1,0,0,0
"507",24,10,1.03132068211155,-0.785890263242174,2.38226544068612,1.285007755966,1,1,0,1,1,0,1
"508",40,10,-1.25064147826217,-0.336180934898217,-0.945771201961887,0.723881516381131,0,1,0,1,1,0,1
"509",11,10,-2.25569340449175,-0.315923757945786,-0.945771201961887,0.223592017228727,0,1,0,1,1,0,1
"510",11,10,0.858319940711372,-0.785890263242174,0.717219313110527,0.535130307117925,0,1,0,1,1,0,1
"511",22,9,0.874796201797103,2.8644530235858,0.427377950162182,-2.29765635164808,1,0,0,0,0,1,0
"512",25,9,-0.047874419003822,1.30465039824865,-0.801878326739305,-1.85263536169444,0,0,0,0,0,0,0
"513",33,9,0.833605549082776,0.247225761331782,-0.35992163855566,-1.59961392298672,1,0,0,0,0,1,0
"514",19,9,0.429937152482371,-0.785890263242174,0.591826950416562,1.28696969362504,0,1,0,1,0,1,0
"515",39,9,0.223983888910736,0.940021213104905,1.59702146447146,-0.783472812891098,0,0,0,0,0,0,0
"516",34,9,0.0592212780534282,0.429540353903656,-0.756654851669351,-1.95097858487346,0,0,0,0,0,1,0
"517",39,9,0.281650802710794,0.368768823046365,1.06050660114154,0.270974503882643,0,1,0,1,1,0,0
"518",13,9,0.454651544110967,-0.137660600764398,0.470545812728957,-0.36289364273936,0,1,0,1,0,0,1
"519",18,8,0.0592212780534282,1.0007927439622,0.587715725410203,-0.766350480072939,0,0,0,0,0,1,0
"520",12,8,0.644128546596872,0.18645423047449,-0.220139988339437,-0.559876791021987,0,0,0,0,0,0,0
"521",30,9,-0.262065813118322,2.37828077672747,-0.419534401147873,-2.8259347543991,1,0,0,0,0,1,0
"522",40,9,1.02308255156868,0.271534373674698,-0.378422151084278,0.511535922023738,0,1,0,1,1,0,1
"523",39,8,0.331079585967986,-0.482032608955717,0.106702399666142,-0.778560782497866,1,0,0,0,0,0,0
"524",39,8,0.0427450169676974,1.7867712097165,-0.491480838759164,-2.37449901299184,1,0,0,0,0,0,0
"525",18,8,0.256936411082198,0.919764036152474,0.0861462746343448,-1.00577294425425,0,0,0,0,0,0,0
"526",25,8,-1.01997382306194,0.206711407426921,-0.945771201961887,-0.104389315595614,0,1,0,1,1,0,0
"527",30,8,0.883034332339968,0.863043940685669,-0.105025688161372,-2.18803796246486,1,0,0,0,0,0,0
"528",31,7,0.355793977596583,0.672626477332822,0.618549912957899,0.177525417970901,0,0,0,0,1,0,0
"529",40,8,0.331079585967986,-0.137660600764398,-0.491480838759164,-0.0880689335317836,1,1,0,1,1,0,1
"530",36,7,0.30636519433939,1.07777001638143,0.552770312856147,-1.34689068484791,0,0,0,0,0,0,0
"531",39,8,0.981891898854353,0.287740115236643,-0.0186899630278222,-0.917167996848779,0,0,0,0,1,0,0
"532",37,8,0.602937893882545,-1.15051944838592,-0.477091551236905,0.198099982517946,1,1,0,1,0,1,1
"533",40,8,0.957177507225757,-0.785890263242174,0.248539662385545,-0.0447125487726534,1,1,0,1,0,0,1
"534",11,8,1.06427320428301,-0.579267058327383,1.55590921440786,0.338240829366231,1,1,0,1,1,0,1
"535",39,8,0.965415637768622,-0.785890263242174,1.50451890182837,0.433417986737094,0,1,0,1,0,1,0
"536",34,8,-0.237351421489726,1.54773652167782,-0.00635628800874385,-1.49337384786739,0,0,0,0,0,1,1
"537",39,6,-1.00349756197621,-0.0606833283451621,-0.945771201961887,-0.171175400879276,0,1,0,0,1,0,0
"538",31,5,0.874796201797103,-0.0363747160022454,0.131369749704299,-0.516003378553886,0,0,0,0,1,0,0
"539",15,6,0.347555847053717,-0.421261078098425,-0.59837268892451,0.944589345454865,1,1,0,0,1,0,1
"540",40,6,0.355793977596583,-0.684604378480021,-0.265363463409392,1.02977213149496,0,1,0,1,0,1,1
"541",15,6,0.957177507225757,1.07777001638143,-0.107081300664551,-0.85398195247001,0,0,0,0,0,0,1
"542",13,5,0.273412672167929,0.449797530856087,0.671995838040572,-0.0833677454053298,0,1,0,1,1,0,0
"543",39,5,1.0889875959116,-0.684604378480021,0.156037099742456,-0.173206546056238,1,0,0,0,0,0,0
"544",12,5,0.0921738002248898,0.672626477332822,1.01322751356841,0.118760449787625,1,1,0,1,0,1,0
"545",16,5,1.02308255156868,-0.137660600764398,1.66074545207003,0.0116418308943606,0,0,0,0,1,0,0
"546",39,5,0.553509110625352,1.48291355543004,-0.324976226001604,-1.48519037481463,1,0,0,0,1,0,0
"547",17,5,-0.00668376628949498,2.4876695322706,-0.512036963790961,-2.09691430817057,1,0,0,0,0,0,0
"548",22,5,-0.047874419003822,0.348511646093934,1.90330772744524,-0.0972039592519837,0,1,0,1,0,1,0
"549",25,5,0.339317716510852,0.0243968148550462,0.630883587976977,-0.760815340706031,1,0,0,0,0,1,0
"550",21,5,0.759462374196987,-0.0566318929546759,0.343097837531813,-1.49732412599559,0,0,0,0,0,0,1
"551",6,5,0.00155436425337042,2.7186013495283,0.277318237430061,-0.985939367624627,0,0,0,0,0,0,0
"552",20,5,0.635890416054006,1.06156427481949,1.69157963961773,-0.0233758002334246,0,1,0,1,0,1,1
"553",7,5,1.22903581514032,-0.21868930857412,0.139592199717018,0.0982124379864454,0,1,0,1,0,1,0
"554",39,5,0.265174541625063,3.16831067787226,0.76860962569002,-2.1056634807724,0,0,0,0,0,0,0
"555",18,5,0.990130029397219,-0.174123519278773,1.59907707697464,-0.123614176197328,0,1,0,1,0,0,0
"556",37,5,-0.229113290946861,2.43500087219428,0.727497375626425,-2.67140386420068,0,0,0,0,0,0,1
"557",28,4,1.05603507374014,0.672626477332822,1.29690203900721,0.545733802098463,1,1,0,1,1,0,0
"558",39,4,-1.64607174431971,-0.117403423811967,-0.945771201961887,0.258432025210018,0,1,0,1,1,0,0
"559",8,4,0.256936411082198,0.510569061713378,-0.756654851669351,-1.99439185426966,0,0,0,0,0,0,0
"560",25,8,0.141602583482082,0.656420735770878,-0.68265280155488,-1.94819965504624,1,0,0,0,0,0,1
"561",39,7,1.1137019875402,-0.421261078098425,1.77174852724174,0.368081688259551,1,1,0,1,0,0,0
"562",40,6,1.09722572645447,-0.684604378480021,2.049256215171,0.92438230481322,0,1,0,0,0,1,1
"563",10,6,1.13017824862593,-0.157917777716828,1.00500506355569,0.517013745730644,1,1,0,0,0,1,0
"564",34,6,-0.245589552032592,3.46811689676823,-0.0700802756073159,-2.12667924046689,0,0,0,0,1,0,1
"565",19,6,1.0889875959116,-0.421261078098425,0.184815674786973,-0.144566926354699,0,1,0,0,0,0,0
"566",19,6,0.957177507225757,-0.684604378480021,2.45010065329105,1.30105005524663,0,1,0,1,1,0,1
"567",11,5,0.586461632796814,0.713140831237683,-0.468869101224187,-1.89326161757721,1,0,0,0,0,1,0
"568",32,5,0.957177507225757,-0.174123519278773,0.223872312347388,1.78846796783596,0,1,0,0,0,1,0
"569",10,5,1.02308255156868,-0.684604378480021,0.332819775015914,0.551129115496348,1,1,0,0,1,0,0
"570",11,5,0.841843679625641,-0.603575670670299,-0.641540551491285,0.324555494294294,0,0,0,0,1,0,0
"571",25,5,0.125126322396351,-0.299718016383842,-0.542871151338657,-0.189687851126658,0,0,0,0,1,0,0
"572",25,5,0.784176765825584,0.551083415618239,-0.390755826103356,-1.05505866991767,0,0,0,0,1,0,0
"573",38,5,1.03955881265441,0.226968584379351,-0.045412925569159,-0.67098653290496,0,1,0,1,0,0,0
"574",10,5,1.08074946536874,-0.684604378480021,0.143703424723378,0.903099119544621,1,1,0,1,0,1,1
"575",39,5,0.693557329854064,-0.319975193336272,-0.403089501122435,0.167732652773882,0,1,0,1,1,0,0
"576",6,5,0.932463115597161,0.267482938284212,0.550714700352967,-0.692783344713924,0,0,0,0,0,1,0
"577",18,5,1.03955881265441,-0.279460839431411,-0.335254288517503,-1.06096468915733,1,0,0,0,0,0,1
"578",39,33,0.792414896368449,-0.704861555432452,-0.19752825080446,0.557352221338305,1,1,0,1,1,0,0
"579",39,33,-0.954068778719016,-0.137660600764398,-0.945771201961887,0.773272036194832,0,1,0,0,0,0,0
"580",39,33,-0.303256465832649,1.62471379409706,3.69169060521162,0.123342603316496,1,0,0,0,1,0,0
"581",38,33,-1.20121269500498,-0.214637873183634,-0.945771201961887,0.127374112115049,0,0,0,0,1,0,0
"582",39,33,1.09722572645447,-0.785890263242174,1.42435001420436,0.585477116152553,0,1,0,0,1,0,0
"583",40,33,-0.855211212204631,-0.336180934898217,-0.945771201961887,1.2133983816921,0,1,0,1,1,0,1
"584",40,34,-1.0282119536048,0.105425522664768,-0.945771201961887,0.945212564620702,0,1,0,0,1,0,1
"585",37,33,0.594699763339679,-0.579267058327383,-0.376366538581098,1.25739485865641,1,1,0,1,0,1,0
"586",38,33,0.158078844567813,-0.745375909337313,-0.0207455755310021,0.529430680444525,1,1,0,1,0,1,0
"587",39,33,-1.06940260631913,-0.340232370288703,-0.945771201961887,0.189780330487788,0,1,0,1,1,0,0
"588",39,33,-1.54721417780532,-0.157917777716828,-0.945771201961887,0.386944008772741,0,1,0,0,1,0,1
"589",40,33,0.339317716510852,-0.502289785908147,-0.27975275093165,0.470444302813096,1,1,0,1,1,0,1
"590",40,33,1.00660629048295,-0.785890263242174,1.7450255647004,0.519621140551094,1,1,0,1,1,0,1
"591",40,33,-1.65430987486258,-0.178174954669259,-0.945771201961887,0.942406041188846,0,1,0,1,1,0,1
"592",39,33,-1.58016669997679,-0.174123519278773,-0.945771201961887,0.541419866447242,0,1,0,0,1,0,0
"593",36,33,1.18784516242599,-0.137660600764398,-0.261252238403032,1.28580277348543,0,1,0,1,1,0,1
"594",39,33,0.685319199311199,-1.75418332156835,-0.0269124130405413,0.757258884181291,1,0,1,0,0,1,0
"595",40,33,-1.0529263452334,-0.785890263242174,-0.945771201961887,-0.0239693633903025,0,1,0,1,0,1,1
"596",40,33,-1.46483287237667,-0.174123519278773,-0.945771201961887,1.03708740438904,0,1,0,0,1,0,1
"597",39,33,0.108650061310621,0.636163558818447,0.419155500149464,0.236776793846251,1,0,0,0,0,1,0
"598",40,33,-1.09411699794773,-0.826404617147035,-0.945771201961887,0.228217346381594,0,1,0,0,1,0,1
"599",38,33,0.627652285511141,0.0446539918074767,-0.285919588441189,0.293396300285928,1,1,0,1,1,0,1
"600",40,33,-1.48954726400527,-0.360489547241133,-0.945771201961887,0.23897136280379,0,1,0,1,1,0,1
"601",39,33,-1.11059325903346,-0.437466819660369,-0.945771201961887,0.394513038427273,0,1,0,1,0,1,0
"602",39,34,0.957177507225757,-0.826404617147035,3.9568646181218,1.34167926157217,0,1,0,1,0,1,0
"603",37,33,-1.11059325903346,-0.437466819660369,-0.945771201961887,0.733775561793896,0,1,0,1,0,1,0
"604",35,33,-1.19297456446211,-0.984410597375993,-0.945771201961887,1.14479504741482,0,1,1,0,0,1,1
"605",33,32,0.817129287997045,0.307997292189073,0.597993787926101,0.360424009018152,1,1,0,0,0,1,0
"606",39,32,0.421699021939506,-1.3895541364246,-0.183138963282202,0.736963735314282,1,0,1,0,0,1,0
"607",39,33,0.800653026911314,0.328254469141504,0.328708550009555,0.905308236879743,1,1,0,1,1,0,0
"608",40,33,-1.34949904477656,-0.785890263242174,-0.945771201961887,0.623424939765804,0,1,0,1,1,0,1
"609",39,33,0.405222760853775,-0.704861555432452,-0.635373713981746,1.36285226214619,1,1,0,1,0,1,0
"610",39,32,-1.57192856943392,-0.0971462468595369,-0.945771201961887,-0.283714405961375,0,0,0,0,0,1,0
"611",39,32,1.3031789900261,-1.3895541364246,0.338986612525453,1.14828291604569,0,0,1,0,0,1,0
"612",38,32,0.578223502253948,-1.75418332156835,0.0203666745325929,-0.678951222902775,1,0,1,0,0,0,0
"613",35,33,0.405222760853775,0.307997292189073,-0.668263514032622,0.708971937890265,1,1,0,1,1,0,1
"614",39,32,0.981891898854353,-1.75418332156835,1.44696175173934,-0.815798359030931,0,0,1,0,0,0,0
"615",38,32,-1.24240334771931,0.226968584379351,-0.945771201961887,1.05132171972616,0,1,0,1,1,0,0
"616",39,32,0.339317716510852,-1.75418332156835,0.338986612525453,0.926938859095852,1,1,1,0,1,0,0
"617",40,33,-1.59664296106252,-0.704861555432452,-0.945771201961887,0.457355861622643,0,1,0,1,1,0,1
"618",39,32,-1.27535586989077,-1.75418332156835,-0.945771201961887,0.427977920223557,0,1,1,0,0,1,0
"619",39,32,-1.73669118029123,-1.75418332156835,-0.945771201961887,0.33702731299711,0,1,1,0,1,0,0
"620",39,32,-0.327970857461246,0.210762842817407,-0.727876276624834,0.383869484855767,0,1,0,1,1,0,0
"621",40,33,-0.220875160403995,-0.174123519278773,-0.507925738784602,0.654893007015329,1,1,0,1,1,0,0
"622",39,32,1.43498907871195,-1.75418332156835,1.96497610254063,0.43289238835334,0,1,1,0,0,0,0
"623",40,33,-1.0282119536048,-0.785890263242174,-0.945771201961887,0.224649053228798,0,1,0,1,1,0,1
"624",39,32,-1.22592708663357,-1.3895541364246,-0.945771201961887,0.610907758950385,0,0,1,0,0,1,0
"625",39,32,0.677081068768333,-1.75418332156835,1.41612756419164,0.980376454348872,0,1,1,0,1,0,0
"626",37,32,1.22079768459745,-1.75418332156835,0.480823875244856,0.987299464274213,1,1,1,0,1,0,0
"627",39,32,-1.16002204229065,-0.340232370288703,-0.945771201961887,0.666188185382664,0,1,0,0,1,0,0
"628",39,32,1.1137019875402,0.16619705352206,0.922780563428501,0.11930025225801,0,0,0,0,1,0,0
"629",40,32,0.883034332339968,-1.75418332156835,0.519880512805271,0.180222828898335,1,1,1,0,0,1,1
"630",37,32,0.273412672167929,-1.75418332156835,2.12942510279501,1.24940047609546,1,1,1,0,1,0,0
"631",38,32,0.817129287997045,-1.75418332156835,2.37198737817022,0.0970078275552137,0,1,1,0,0,1,0
"632",39,32,1.31141712056897,-1.3895541364246,0.891946375880805,0.113893483972524,0,0,1,0,0,1,0
"633",39,32,1.18784516242599,-1.75418332156835,1.87041792739436,0.0824213836831136,0,0,1,0,0,1,0
"634",39,32,0.133364452939217,0.105425522664768,-0.805989551745665,0.509205952064092,1,1,0,0,1,0,0
"635",38,32,0.141602583482082,-1.75418332156835,1.01322751356841,0.492878432089442,1,1,1,0,1,0,1
"636",40,32,0.883034332339968,-1.75418332156835,0.815888713263154,0.689524533015771,1,1,1,0,1,0,1
"637",39,32,-0.954068778719016,-1.75418332156835,-0.945771201961887,1.10728377305381,0,1,1,0,1,0,0
"638",40,32,0.495842196825295,-1.75418332156835,1.7553036272163,0.104548104186273,1,1,1,0,0,1,1
"639",38,32,-1.38245156694802,-0.579267058327383,-0.945771201961887,1.3234289514758,0,1,1,0,0,1,0
"640",40,32,0.314603324882256,-0.137660600764398,0.789165750721818,0.87015633358212,1,1,0,1,1,0,1
"641",37,32,1.19608329296885,-1.3895541364246,1.63607810203187,0.773167242044546,0,1,0,1,0,1,1
"642",39,32,0.232222019453602,-1.75418332156835,0.260873337404623,0.523008131732424,0,1,1,0,0,1,0
"643",39,32,-0.113779463346745,0.105425522664768,-0.549037988848197,1.19076207749762,0,1,0,1,1,0,1
"644",40,32,-1.36597530586229,0.18645423047449,-0.945771201961887,0.0753248327404861,0,1,0,1,1,0,1
"645",40,32,0.586461632796814,-1.75418332156835,-0.242751725874414,1.23846968024122,1,1,1,0,1,0,1
"646",40,32,1.01484442102581,-1.75418332156835,3.38745995474102,-0.259216634955034,1,0,1,0,0,1,1
"647",40,32,-1.53897604726246,-0.137660600764398,-0.945771201961887,0.652850829874358,0,1,0,1,1,0,1
"648",39,32,-1.78611996354842,-0.542804139813008,-0.945771201961887,1.30311394959397,0,1,0,1,1,0,0
"649",40,32,-1.81907248571988,-1.75418332156835,-0.945771201961887,0.355450882860079,0,1,1,0,0,1,1
"650",39,32,0.957177507225757,-1.75418332156835,0.262928949907803,0.147476976500139,1,1,1,0,0,1,1
"651",40,32,-1.47307100291954,-0.437466819660369,-0.945771201961887,0.353743335473767,0,1,0,1,1,0,1
"652",39,32,0.50408032736816,-1.75418332156835,-0.446257363689209,1.23227955929056,1,1,1,0,1,0,0
"653",40,32,1.02308255156868,-0.579267058327383,2.53232515341824,0.704919768973328,0,1,0,1,1,0,1
"654",40,32,1.14665450971166,-1.75418332156835,0.355431512550891,0.949505748432372,1,1,1,0,1,0,1
"655",39,32,-0.179684507689668,-0.259203662478981,-0.378422151084278,0.676132737764185,0,1,0,1,1,0,1
"656",39,32,0.462889674653833,-1.3895541364246,0.791221363224997,1.041330956981,0,1,1,0,0,1,1
"657",40,32,1.08074946536874,-1.75418332156835,1.03789486360657,0.43289238835334,0,1,1,0,0,0,1
"658",39,32,1.08074946536874,-1.75418332156835,4.14598096841434,0.58698035447608,1,1,1,0,0,0,1
"659",40,32,0.0509831475105628,-1.75418332156835,4.23437230605107,0.387892224530795,0,1,1,0,0,1,1
"660",40,32,-0.047874419003822,-1.75418332156835,0.264984562410983,0.665662960880206,1,1,1,0,1,0,1
"661",40,32,-0.220875160403995,-0.704861555432452,-0.0310236380469008,0.3800174650548,1,0,0,0,0,1,1
"662",39,32,1.0889875959116,-1.75418332156835,2.49532412836101,0.154979711239207,1,1,1,0,0,1,1
"663",39,31,-1.59664296106252,-0.0971462468595369,-0.945771201961887,-0.0381657874717245,0,1,0,1,1,0,0
"664",39,31,0.957177507225757,-1.3895541364246,1.15300916378463,-0.267920075385435,0,0,1,0,0,0,0
"665",38,32,0.232222019453602,-1.3895541364246,0.059423312093008,0.30917555726159,1,0,1,0,0,0,0
"666",33,32,-1.45659474183381,-1.75418332156835,-0.945771201961887,1.30774737624143,0,1,1,0,1,0,1
"667",40,32,1.34436964274043,-1.75418332156835,0.474657037735317,0.709664458709285,0,1,1,0,0,1,1
"668",40,32,1.00660629048295,-1.75418332156835,1.97319855255335,-0.367139528946963,0,0,1,0,0,1,1
"669",39,32,0.265174541625063,-1.75418332156835,0.234150374863286,0.319273084143908,1,1,1,0,1,0,1
"670",40,32,0.990130029397219,-1.75418332156835,0.655550938015134,0.286168782132033,1,1,1,0,0,1,1
"671",38,32,0.891272462882834,-1.75418332156835,1.56618727692376,0.0725992914933909,1,1,1,0,1,0,0
"672",40,32,0.726509852025526,-1.75418332156835,0.277318237430061,-0.0636110829785162,1,1,1,0,0,1,1
"673",40,32,1.04779694319728,-1.75418332156835,0.830278000785413,0.285830647708729,1,1,1,0,0,0,1
"674",39,31,0.907748723968565,-1.75418332156835,0.719274925613706,1.2429997696317,1,1,1,0,1,0,0
"675",40,32,0.924224985054295,-1.3895541364246,1.65252300205731,0.462776712885463,1,0,1,0,0,1,1
"676",39,31,0.800653026911314,-1.75418332156835,1.82519445232441,0.594592100346634,0,1,1,0,0,0,0
"677",39,31,0.223983888910736,0.267482938284212,-0.491480838759164,0.662545354852094,1,1,0,1,1,0,0
"678",39,31,-1.09411699794773,-0.785890263242174,-0.945771201961887,0.488156534460618,0,1,0,1,0,0,0
"679",39,31,0.331079585967986,-0.583318493717869,-0.768988526688429,0.947920565161611,0,1,0,1,1,0,0
"680",39,31,-1.13530765066205,-0.137660600764398,-0.945771201961887,0.376837784286544,0,1,0,1,1,0,0
"681",39,31,-0.31973272691838,-0.502289785908147,1.3791265391344,-0.0749916174018348,0,1,0,1,0,1,0
"682",39,31,-1.20121269500498,-0.279460839431411,-0.945771201961887,1.12615642489967,0,1,0,1,1,0,0
"683",39,31,0.0839356696820244,-1.75418332156835,0.201260574812411,-0.110602603062674,0,0,1,0,0,0,0
"684",40,32,-0.0396362884609566,-1.75418332156835,2.39665472820838,1.03983976259154,1,1,1,0,1,0,1
"685",39,31,1.02308255156868,-0.785890263242174,2.86327876643018,0.745349588321319,1,1,0,1,1,0,0
"686",39,31,-0.187922638232534,0.858992505295183,2.49532412836101,1.30343310873364,1,1,0,1,1,0,0
"687",39,31,-1.25887960880504,-0.421261078098425,-0.945771201961887,0.909493445494877,0,1,0,1,1,0,0
"688",39,31,0.693557329854064,-0.785890263242174,-0.900547726891933,1.12089925051617,0,1,0,1,1,0,0
"689",39,31,-1.25887960880504,-0.595472799889327,-0.945771201961887,1.32158682267076,0,1,0,1,0,1,0
"690",40,32,-1.76140557191983,0.692883654285253,-0.945771201961887,1.26307921116479,0,1,0,0,1,0,1
"691",38,31,0.825367418539911,-1.75418332156835,-0.331143063511144,-0.250563300964743,1,0,1,0,0,0,0
"692",39,31,-1.34949904477656,-0.579267058327383,-0.945771201961887,0.565716762073531,0,1,0,1,1,0,0
"693",39,31,0.792414896368449,-0.482032608955717,-0.799822714236125,0.144560896009325,1,1,0,0,1,0,0
"694",39,31,0.998368159940084,-0.704861555432452,-0.413367563638333,1.12006748691649,1,1,0,1,0,0,0
"695",39,31,0.841843679625641,-0.785890263242174,2.89616856648106,0.803700495163781,0,1,0,1,1,0,0
"696",39,31,0.158078844567813,-0.704861555432452,1.37090408912169,0.752201873878475,1,1,0,1,1,0,0
"697",32,31,-1.47307100291954,-0.275409404040925,-0.945771201961887,0.517262264008811,0,1,0,1,1,0,1
"698",39,31,0.990130029397219,-1.3895541364246,1.69774647712727,0.873133605140963,1,1,1,0,0,1,0
"699",40,31,0.594699763339679,-1.3895541364246,-0.263307850906212,1.69197924200461,1,1,1,0,0,1,1
"700",40,31,-1.17649830337638,-1.3895541364246,-0.945771201961887,1.84658268718056,0,1,1,0,0,1,1
"701",36,31,0.471127805196698,-1.3895541364246,2.12531387778865,0.90534022921652,0,1,1,0,0,1,1
"702",36,31,1.04779694319728,-0.153866342326342,0.497268775270294,0.684826884146279,1,1,0,1,0,1,1
"703",40,31,0.602937893882545,-0.299718016383842,0.544547862843428,0.875191343929391,1,1,0,1,1,0,1
"704",40,31,-1.51426165563386,-0.502289785908147,-0.945771201961887,1.02711927263682,0,1,0,1,1,0,1
"705",39,31,-1.39892782803375,0.00819107329310162,-0.945771201961887,0.639775859774152,0,1,0,1,1,0,0
"706",40,31,-1.04468821469054,0.0243968148550462,-0.945771201961887,0.724675441135558,0,1,0,1,1,0,1
"707",40,31,-1.38245156694802,-0.461775432003286,-0.945771201961887,-0.532566410753872,0,0,0,0,1,0,1
"708",40,31,-0.855211212204631,-0.380746724193564,-0.945771201961887,1.02215470706415,0,1,0,1,1,0,1
"709",39,31,-1.56369043889106,0.251277196722268,-0.945771201961887,-0.218870887603165,0,1,0,0,1,0,0
"710",39,31,-1.30007026151936,0.226968584379351,-0.945771201961887,0.845491037786101,0,1,0,1,1,0,1
"711",34,31,1.02308255156868,-0.482032608955717,-0.174916513269483,0.51078739691967,1,1,0,1,1,0,1
"712",36,31,0.438175283025237,-0.785890263242174,0.20331618731559,0.61176363844286,0,1,0,0,0,0,1
"713",38,33,-2.51107545132058,-0.137660600764398,-0.945771201961887,0.585912418718326,0,1,0,1,1,0,1
"714",40,31,1.10546385699733,-0.579267058327383,3.29290177959475,0.397341626750518,0,1,0,0,1,0,1
"715",40,31,1.06427320428301,-1.3895541364246,0.0224222870357727,-0.248838596285974,0,0,1,0,0,0,1
"716",39,31,0.248698280539332,-0.137660600764398,0.178648837277433,-0.161776225096489,0,0,0,0,0,0,0
"717",39,31,0.71827172148266,-0.785890263242174,0.351320287544532,1.25209539869013,0,1,0,1,1,0,1
"718",40,31,-1.12706952011919,-0.785890263242174,-0.945771201961887,1.21984826234972,0,1,0,1,0,1,1
"719",39,31,0.990130029397219,-1.3895541364246,2.42337769074972,0.927317238328621,0,1,1,0,0,0,0
"720",39,31,-1.31654652260509,0.0243968148550462,-0.945771201961887,-0.566250284512093,0,0,0,0,1,0,0
"721",36,31,-0.0231600273752258,-1.3895541364246,-0.271530300918931,1.83506227697246,0,1,1,0,0,1,1
"722",38,31,-0.113779463346745,0.372820258436851,0.77272085069638,0.159505478848153,0,1,0,1,0,0,0
"723",40,31,1.20432142351172,0.0243968148550462,0.618549912957899,0.787802385807628,0,1,0,1,1,0,1
"724",40,31,-0.921116256547555,-0.340232370288703,-0.945771201961887,0.699169605303287,0,1,0,1,1,0,1
"725",39,31,0.948939376682892,-1.75418332156835,0.141647812220198,-0.776110773866372,1,0,1,0,0,0,1
"726",40,31,-1.28359400043363,-0.178174954669259,-0.945771201961887,0.284912470648974,0,1,0,1,1,0,1
"727",40,31,0.405222760853775,-0.0566318929546759,-0.468869101224187,0.47048702883145,1,1,0,1,1,0,1
"728",39,32,0.619414154968276,-1.75418332156835,0.990615776033433,1.07030375104798,0,1,1,0,1,0,1
"729",40,31,-1.67902426649117,0.18645423047449,-0.945771201961887,0.70147963899931,0,1,0,1,1,0,1
"730",40,31,-1.74492931083409,-1.3895541364246,-0.945771201961887,1.85849066096712,0,1,1,0,0,1,1
"731",40,31,-0.995259431433343,-0.785890263242174,-0.945771201961887,0.152817271493352,0,1,0,1,1,0,1
"732",35,31,1.23727394568318,-0.785890263242174,0.227983537353747,0.915256954696044,0,1,0,1,1,0,0
"733",40,31,-0.995259431433343,-0.785890263242174,-0.945771201961887,0.153503260008277,0,1,0,1,1,0,1
"734",40,31,0.0509831475105628,-0.137660600764398,0.76655401318684,0.88391355422656,1,1,0,1,1,0,1
"735",39,31,0.19926949728214,-0.259203662478981,2.17875980287133,1.50140800961741,1,1,0,1,0,1,0
"736",41,31,-0.904639995461824,0.226968584379351,-0.945771201961887,0.537134386765273,0,1,0,1,1,0,1
"737",35,31,0.479365935739564,0.307997292189073,0.100535562156603,0.860727660529752,1,1,0,1,1,0,0
"738",38,31,-1.47307100291954,-0.461775432003286,-0.945771201961887,0.3467081215734,0,1,0,1,1,0,1
"739",40,31,-1.0282119536048,0.226968584379351,-0.945771201961887,0.47522208335969,0,1,0,1,1,0,1
"740",40,31,-0.73163925406165,-0.542804139813008,-0.945771201961887,0.126837201960161,0,1,0,1,1,0,1
"741",40,31,0.561747241168218,-0.785890263242174,-0.257141013396673,1.07379702338349,0,1,0,1,0,1,1
"742",35,31,1.16313077079739,-0.461775432003286,0.112869237175681,-0.0554046526705049,1,1,0,1,1,0,1
"743",37,30,-1.33302278369082,-0.380746724193564,-0.945771201961887,0.244543122537174,0,1,0,1,1,0,0
"744",40,31,-1.24240334771931,-0.579267058327383,-0.945771201961887,0.624967826333868,0,1,0,1,1,0,1
"745",40,31,1.05603507374014,-1.75418332156835,0.706941250594628,-1.11518988677381,0,0,1,0,0,0,1
"746",40,31,-1.30007026151936,-0.579267058327383,-0.945771201961887,0.399000383420759,0,1,0,1,1,0,1
"747",39,30,-1.2671177393479,-0.785890263242174,-0.945771201961887,0.765953845036482,0,1,0,1,1,0,0
"748",39,31,-1.30007026151936,-0.137660600764398,-0.945771201961887,0.83325667618916,0,1,0,1,1,0,0
"749",40,31,0.874796201797103,-0.137660600764398,-0.211917538326718,0.406598258528125,1,1,0,1,1,0,1
"750",39,30,-1.23416521717644,-0.785890263242174,-0.945771201961887,0.765321900540047,0,1,0,1,1,0,0
"751",40,30,-1.30830839206223,-0.178174954669259,-0.945771201961887,-0.042727490404421,0,1,0,0,1,0,0
"752",39,31,0.388746499768044,-0.704861555432452,0.0882018871375244,0.807597675197748,1,1,0,1,0,0,1
"753",40,31,0.421699021939506,-0.299718016383842,-0.370199701071559,0.531524421393359,1,1,0,1,1,0,1
"754",40,31,-1.30830839206223,-0.785890263242174,-0.945771201961887,1.06020791695023,0,1,0,1,0,1,1
"755",37,30,-0.781068037318843,0.0243968148550462,-0.945771201961887,0.39613002635081,0,1,0,1,1,0,1
"756",40,30,0.759462374196987,-0.984410597375993,-0.52025941380368,-1.13060622666182,1,0,1,0,0,0,1
"757",41,30,-0.130255724432476,-0.704861555432452,-0.674430351542161,-0.890516944694751,1,0,0,0,0,0,1
"758",39,30,-1.33302278369082,0.0243968148550462,-0.945771201961887,0.533041586516574,0,1,0,1,1,0,1
"759",38,30,-1.15178391174779,-0.137660600764398,-0.945771201961887,-0.226595686669579,0,0,0,0,1,0,1
"760",40,30,0.866558071254238,-0.984410597375993,0.219761087341028,1.49299220720785,0,1,0,1,0,0,1
"761",40,30,-1.58016669997679,-0.137660600764398,-0.945771201961887,0.377428805255525,0,1,0,1,0,0,1
"762",40,30,-1.31654652260509,0.226968584379351,-0.945771201961887,0.801062460248254,0,1,0,1,0,1,1
"763",36,30,0.800653026911314,0.320151598360532,-0.581927788899072,-0.974722300919826,1,0,0,0,1,0,1
"764",40,30,-1.08587886740486,-0.299718016383842,-0.945771201961887,0.946676113317603,0,1,0,1,1,0,1
"765",40,30,-1.74492931083409,0.307997292189073,-0.945771201961887,0.0116418308943606,0,0,0,0,1,0,0
"766",39,30,1.13017824862593,0.510569061713378,-0.532593088822759,0.596479206636737,1,1,0,1,1,0,0
"767",39,30,-1.44011848074807,-0.23894648552655,-0.945771201961887,0.191838850976114,0,1,0,1,1,0,1
"768",37,30,0.874796201797103,-0.704861555432452,0.388321312601767,0.836207377311028,1,1,0,0,1,0,1
"769",40,30,-1.86850126897708,0.105425522664768,-0.945771201961887,0.534925658872939,0,1,0,0,1,0,1
"770",39,30,-0.138493854975341,0.0689626041503932,3.22917779199618,0.729214403848824,1,1,0,1,1,0,1
"771",34,30,-1.25887960880504,0.0243968148550462,-0.945771201961887,0.0545082330895961,0,1,0,1,1,0,1
"772",39,30,-1.44835661129094,-0.579267058327383,-0.945771201961887,0.44014690245896,0,1,0,1,1,0,0
"773",40,30,0.248698280539332,0.267482938284212,0.891946375880805,0.560293157890041,0,1,0,1,1,0,1
"774",33,29,0.273412672167929,0.64426642959942,-0.304420100969807,-0.672082604875722,1,0,0,0,0,0,0
"775",37,30,-1.63783361377684,-0.437466819660369,-0.945771201961887,0.248411290467185,0,1,0,1,1,0,1
"776",39,37,0.594699763339679,-1.3895541364246,1.96703171504381,1.61607010480874,0,1,1,0,0,0,0
"777",40,37,0.825367418539911,-0.137660600764398,0.501380000276653,0.994643000990949,1,1,0,1,1,0,1
"778",40,37,0.948939376682892,-1.75418332156835,0.879612700861726,0.844691828269452,1,0,1,0,0,1,1
"779",39,37,-1.0282119536048,0.0243968148550462,-0.945771201961887,0.700416731118631,0,1,0,1,1,0,1
"780",38,37,-1.16826017283352,0.149991311960115,-0.945771201961887,0.556424431522056,0,0,0,0,0,0,0
"781",38,37,-1.25064147826217,-0.178174954669259,-0.945771201961887,1.03180282380876,0,1,0,1,0,1,1
"782",39,36,1.00660629048295,-1.75418332156835,1.24140050142136,0.22102183075164,1,0,1,0,0,0,0
"783",40,36,0.289888933253659,-0.319975193336272,1.20645508886731,0.620837051385547,0,1,0,1,0,0,0
"784",39,36,-1.54721417780532,-0.441518255050856,-0.945771201961887,1.03878626336311,0,1,0,1,0,1,0
"785",39,36,0.462889674653833,-0.542804139813008,0.332819775015914,0.312643857672722,1,1,0,0,1,0,0
"786",40,37,-1.27535586989077,-0.178174954669259,-0.945771201961887,0.619367311198967,0,1,0,1,1,0,1
"787",40,36,-1.48954726400527,-0.137660600764398,-0.945771201961887,0.230675040035655,0,1,0,1,0,0,0
"788",39,36,-1.19297456446211,-0.563061316765438,-0.945771201961887,0.520489268003141,0,1,0,1,1,0,0
"789",39,36,-1.06116447577627,0.0243968148550462,-0.945771201961887,0.593805106264762,0,1,0,1,0,1,0
"790",39,36,-1.54721417780532,-0.441518255050856,-0.945771201961887,0.73269937084389,0,1,0,1,1,0,0
"791",39,36,-1.58016669997679,-0.380746724193564,-0.945771201961887,0.620721071501802,0,1,0,0,1,0,0
"792",37,36,1.02308255156868,-1.75418332156835,-0.349643576039761,0.839687117887813,1,0,1,0,0,1,0
"793",40,36,0.248698280539332,-1.75418332156835,-0.546982376345017,0.980741619341386,1,0,1,0,0,1,1
"794",39,36,-1.92616818277713,-1.75418332156835,-0.945771201961887,0.846023608144045,0,1,1,0,1,0,0
"795",39,36,-1.54721417780532,-0.441518255050856,-0.945771201961887,0.729466167000735,0,1,0,1,1,0,0
"796",39,36,-1.52249978617673,-0.563061316765438,-0.945771201961887,0.644578158032007,0,1,0,1,1,0,0
"797",39,36,-1.38245156694802,-0.563061316765438,-0.945771201961887,0.942780547223581,0,1,0,1,1,0,1
"798",39,36,-1.54721417780532,-0.441518255050856,-0.945771201961887,0.721714133218809,0,1,0,1,1,0,0
"799",40,36,0.00155436425337042,0.753655185142544,0.778887688205919,0.356096476349889,0,1,0,0,0,1,1
"800",39,36,-1.00349756197621,-0.542804139813008,-0.945771201961887,1.43522225684648,0,1,0,1,0,1,0
"801",40,36,-0.888163734376093,-0.579267058327383,-0.945771201961887,1.42062474508057,0,1,0,0,0,1,1
"802",39,36,-1.30007026151936,-0.579267058327383,-0.945771201961887,1.34731647491759,0,1,0,0,0,1,0
"803",38,36,-1.24240334771931,-0.988462032766479,-0.945771201961887,1.65182915432487,0,1,0,0,0,1,1
"804",40,37,-1.6955005275769,1.17905590114359,-0.945771201961887,0.690410630634298,0,1,0,1,1,0,1
"805",40,36,0.619414154968276,-1.75418332156835,3.10789665430857,0.856305086635301,0,0,1,0,0,0,1
"806",40,36,-1.75316744137696,0.267482938284212,-0.945771201961887,1.42032952703549,0,1,0,1,0,1,1
"807",40,36,-0.682210470804458,-0.23894648552655,-0.945771201961887,0.917860790922069,0,1,0,1,1,0,1
"808",40,36,-1.47307100291954,-0.174123519278773,-0.945771201961887,-0.0147953712479319,0,1,0,1,1,0,1
"809",39,35,0.355793977596583,-0.336180934898217,-0.655929839013543,0.164384335426552,1,1,0,1,1,0,0
"810",40,36,-1.30830839206223,-0.583318493717869,-0.945771201961887,1.042557889559,0,1,0,1,1,0,1
"811",39,35,0.940701246140026,-1.75418332156835,4.02264421822356,0.395815748238686,0,0,1,0,0,0,0
"812",41,35,0.0427450169676974,0.267482938284212,0.0655901496025473,-0.113561360881243,1,1,0,0,1,0,0
"813",40,36,-1.79435809409129,-0.579267058327383,-0.945771201961887,0.656630453578456,0,1,0,1,1,0,1
"814",39,35,0.00979249479623583,0.267482938284212,3.70607989273388,1.32129575373828,1,1,0,0,0,1,0
"815",39,35,0.41346089139664,-0.340232370288703,-0.497647676268703,1.03567999858998,1,1,0,1,1,0,0
"816",40,36,-1.20121269500498,-0.595472799889327,-0.945771201961887,0.898381884393493,0,1,0,0,1,0,1
"817",38,36,-1.34949904477656,-0.137660600764398,-0.945771201961887,0.795841280485706,0,1,0,1,1,0,1
"818",39,35,-1.59664296106252,0.267482938284212,-0.945771201961887,1.22446060988175,0,1,0,1,1,0,0
"819",39,35,-0.912878126004689,-0.21868930857412,-0.945771201961887,1.27318204551759,0,1,0,1,1,0,0
"820",38,35,-1.82731061626275,-0.137660600764398,-0.945771201961887,1.23312867707755,0,1,0,1,1,0,0
"821",39,35,1.1384163791688,-1.75418332156835,-0.127637425696349,-0.0161531404874231,0,0,1,0,0,1,0
"822",39,35,-1.25064147826217,-0.421261078098425,-0.945771201961887,0.813152464463532,0,1,0,1,1,0,0
"823",39,35,-1.56369043889106,-0.542804139813008,-0.945771201961887,0.411183062146629,0,1,0,1,1,0,0
"824",39,35,1.03955881265441,-1.75418332156835,4.00003248068858,0.629279502167594,0,0,1,0,0,1,0
"825",39,35,0.50408032736816,-1.75418332156835,0.93100301344122,1.13354068652476,0,1,1,0,0,1,1
"826",39,35,-1.39068969749088,-0.340232370288703,-0.945771201961887,0.784962987687741,0,1,0,0,1,0,0
"827",40,35,-1.10235512849059,0.18645423047449,-0.945771201961887,0.867501264754383,0,1,0,1,1,0,1
"828",40,35,1.36084590382616,-0.137660600764398,0.388321312601767,0.815225983290743,1,1,0,0,1,0,1
"829",40,35,-1.92616818277713,-0.174123519278773,-0.945771201961887,0.653342718751214,0,1,0,1,1,0,1
"830",39,35,-1.06940260631913,-1.75418332156835,-0.945771201961887,1.07365401591821,0,0,1,0,0,1,1
"831",39,35,-1.00349756197621,-0.421261078098425,-0.945771201961887,0.429164128805137,0,1,0,1,1,0,0
"832",38,35,0.841843679625641,0.18645423047449,-0.135859875709068,0.771629421179441,1,1,0,1,1,0,1
"833",39,35,1.07251133482587,-0.826404617147035,1.47368471428067,0.671467739287558,1,1,0,1,1,0,1
"834",40,35,-1.52249978617673,-0.680552943089535,-0.945771201961887,-0.0684342280032326,0,1,0,1,0,1,1
"835",40,35,-1.92616818277713,-0.174123519278773,-0.945771201961887,0.653342718751214,0,1,0,1,1,0,1
"836",40,35,0.907748723968565,-0.826404617147035,2.15203684032999,0.621300881449443,0,1,0,1,1,0,1
"837",40,36,-1.25064147826217,-0.542804139813008,-0.945771201961887,0.970850891343508,0,1,0,1,1,0,1
"838",40,35,-0.204398899318265,-1.75418332156835,1.74913678970676,-0.0810226538399639,1,0,1,0,0,0,1
"839",39,35,-1.52249978617673,-0.725118732384882,-0.945771201961887,0.852432915664683,0,1,0,1,0,1,0
"840",40,35,1.17960703188312,-1.75418332156835,0.53015857532117,0.483038473614339,1,0,1,0,0,1,1
"841",39,35,-1.45659474183381,-0.542804139813008,-0.945771201961887,1.4674363187879,0,1,0,0,0,1,0
"842",41,35,-0.196160768775399,1.04130709786706,0.939225463453939,0.201987216357038,1,0,0,0,1,0,1
"843",40,35,-1.0529263452334,-0.0161175390498148,-0.945771201961887,-0.114128596549074,0,1,0,1,0,0,1
"844",39,35,-1.36597530586229,-0.826404617147035,-0.945771201961887,0.568641393829111,0,1,0,1,1,0,1
"845",40,35,-1.19297456446211,0.18645423047449,-0.945771201961887,0.0468819536472564,0,1,0,1,1,0,1
"846",38,34,0.858319940711372,-1.75418332156835,1.38323776414076,0.470273386593492,0,0,1,0,0,1,0
"847",40,35,-0.888163734376093,-0.55090701059398,-0.945771201961887,-0.21205999745392,0,1,0,1,1,0,1
"848",39,35,-1.24240334771931,0.18645423047449,-0.945771201961887,-0.121142161026407,0,1,0,1,1,0,0
"849",40,35,-0.855211212204631,-0.0161175390498148,-0.945771201961887,0.648036967174811,0,1,0,1,1,0,1
"850",39,34,1.40203655654049,-1.75418332156835,3.00717164165276,0.813288520581539,0,0,1,0,0,1,0
"851",39,34,1.02308255156868,-0.542804139813008,-0.512036963790961,0.879330940271289,1,1,0,1,1,0,0
"852",40,35,-1.21768895609071,0.18645423047449,-0.945771201961887,-0.10276179257185,0,0,0,0,1,0,1
"853",39,34,-1.85202500789134,-0.380746724193564,-0.945771201961887,0.617469996054173,0,1,0,0,1,0,0
"854",37,34,0.586461632796814,-0.137660600764398,2.01225519011377,0.471127773407816,1,1,0,1,1,0,0
"855",40,34,1.20432142351172,-1.75418332156835,0.0553120870866486,0.368630441180296,1,0,1,0,0,0,1
"856",39,34,-0.987021300890478,-0.542804139813008,-0.945771201961887,0.0506151914650196,0,1,0,1,1,0,0
"857",39,34,-0.855211212204631,-0.0161175390498148,-0.945771201961887,0.47492391659319,0,1,0,1,1,0,0
"858",38,34,1.27846459839751,-1.75418332156835,0.456156525206699,0.604473081059675,0,1,1,0,0,0,0
"859",38,34,-1.65430987486258,0.231020019769837,-0.945771201961887,1.15842790341494,0,1,0,1,1,0,0
"860",40,34,-1.52249978617673,0.267482938284212,-0.945771201961887,0.427494381547155,0,1,0,1,1,0,1
"861",39,34,-0.855211212204631,-0.0161175390498148,-0.945771201961887,0.491320159667627,0,1,0,1,1,0,0
"862",38,34,1.09722572645447,-1.75418332156835,2.89822417898424,0.641721495855771,0,0,1,0,0,1,0
"863",40,34,-1.52249978617673,0.267482938284212,-0.945771201961887,0.456321098254856,0,0,0,0,1,0,1
"864",39,34,0.627652285511141,0.18645423047449,0.961837200988916,1.54189395714271,0,1,0,0,1,0,1
"865",39,34,-1.36597530586229,0.18645423047449,-0.945771201961887,0.413803022861235,0,1,0,0,1,0,0
"866",40,34,0.948939376682892,0.0649111687599072,-0.335254288517503,0.872872103287421,1,1,0,1,0,0,1
"867",40,34,-1.16002204229065,-0.259203662478981,-0.945771201961887,0.381650113999522,0,1,0,1,1,0,1
"868",38,34,0.734747982568391,-0.745375909337313,-0.890269664376034,1.1810467718624,1,1,0,1,1,0,1
"869",36,34,0.388746499768044,-0.0161175390498148,0.254706499895084,-0.231699528458516,0,0,0,0,0,1,1
"870",39,34,-1.91793005223427,-0.745375909337313,-0.945771201961887,0.563830764142215,0,1,0,1,1,0,0
"871",39,34,0.273412672167929,-1.75418332156835,3.76774826782927,0.333942441041279,0,0,1,0,0,0,1
"872",40,34,1.21255955405458,-0.826404617147035,1.53535308937607,0.632428440672363,0,1,0,1,0,0,1
"873",41,34,-1.73669118029123,-0.19843213162169,-0.945771201961887,0.590100704492318,0,1,0,1,1,0,1
"874",35,34,0.817129287997045,-1.75418332156835,1.17356528881643,0.372055615384006,1,0,1,0,0,0,0
"875",39,34,-1.58840483051965,-0.137660600764398,-0.945771201961887,0.700929952904917,0,1,0,1,1,0,1
"876",39,34,-1.51426165563386,0.33230590453199,-0.945771201961887,0.892424110557176,0,1,0,1,1,0,0
"877",38,34,-1.08587886740486,-0.137660600764398,-0.945771201961887,0.403385022229896,0,1,0,1,1,0,1
"878",39,34,1.13017824862593,-0.522546962860577,2.79338794132207,0.288630039624211,1,1,0,1,1,0,0
"879",39,33,0.726509852025526,0.226968584379351,-0.0371904755564399,0.46376412674616,1,1,0,1,1,0,0
"880",40,34,-1.42364221966234,-0.174123519278773,-0.945771201961887,0.0883280536418181,0,1,0,0,1,0,1
"881",40,34,0.50408032736816,-1.15051944838592,0.752164725664582,0.160398496483759,0,1,0,0,0,1,1
"882",41,34,-1.19297456446211,0.18645423047449,-0.945771201961887,0.669111081197535,0,0,0,0,0,1,0
"883",39,34,1.05603507374014,-0.542804139813008,-0.672374739038981,0.801611004558936,1,1,0,0,0,1,1
"884",39,34,0.298127063796525,-0.984410597375993,-0.594261463918151,1.61043699413739,0,1,1,0,0,1,1
"885",39,34,-1.74492931083409,-0.174123519278773,-0.945771201961887,0.505996334595733,0,1,0,1,1,0,0
"886",40,34,-1.81907248571988,-0.157917777716828,-0.945771201961887,0.146894212818415,0,1,0,1,1,0,1
"887",34,33,-1.25064147826217,-0.137660600764398,-0.945771201961887,1.12101011756122,0,1,0,0,1,0,0
"888",38,33,-1.6955005275769,0.226968584379351,-0.945771201961887,0.733847280467573,0,1,0,1,1,0,0
"889",38,33,0.767700504739853,-0.0971462468595369,0.341042225028633,0.804213859683486,1,1,0,1,0,1,0
"890",37,33,1.01484442102581,0.105425522664768,0.639106037989696,1.24950225906232,1,1,0,1,1,0,0
"891",40,34,0.948939376682892,0.0649111687599072,-0.335254288517503,0.872872103287421,1,1,0,1,0,0,1
"892",40,34,-1.52249978617673,-0.117403423811967,-0.945771201961887,1.17645932856882,0,1,0,0,1,0,1
"893",39,33,0.364032108139448,-0.259203662478981,-0.610706363943589,0.894230038340072,1,1,0,1,1,0,0
"894",40,34,-1.38245156694802,-0.234895050136064,-0.945771201961887,0.274677993425601,0,1,0,0,1,0,1
"895",39,33,-1.95088257440573,-0.579267058327383,-0.945771201961887,1.38731063230499,0,1,1,0,0,1,0
"896",40,34,0.479365935739564,0.0649111687599072,-0.836823739293361,0.536112231021949,1,0,0,0,1,0,1
"897",41,34,-1.68726239703404,0.206711407426921,-0.945771201961887,0.338707305678902,0,1,0,1,1,0,1
"898",39,33,-1.64607174431971,-0.502289785908147,-0.945771201961887,0.213893063971185,0,1,0,1,1,0,0
"899",37,33,0.998368159940084,-0.984410597375993,0.295818749958679,0.836140380209942,1,1,1,0,0,1,0
"900",39,33,-1.64607174431971,-0.502289785908147,-0.945771201961887,0.20637383806648,0,1,0,1,1,0,0
"901",39,33,-1.01997382306194,0.0243968148550462,-0.945771201961887,0.677510804804513,0,0,0,0,0,1,0
"902",39,34,0.149840714024948,-0.137660600764398,3.11611910432129,0.510204952906824,1,1,0,1,1,0,0
"903",37,25,0.289888933253659,-0.984410597375993,0.0738125996152662,0.532016642758734,1,0,1,0,0,1,0
"904",40,25,-0.229113290946861,1.23982743200088,0.970059651001635,-0.495552995570334,0,0,0,0,1,0,1
"905",39,25,-1.2918321309765,-0.785890263242174,-0.945771201961887,-0.271835622927305,0,1,0,1,0,0,0
"906",29,25,0.438175283025237,-1.75418332156835,0.624716750467438,1.77704701063143,0,1,1,0,0,1,1
"907",36,25,0.421699021939506,-0.785890263242174,0.406821825130385,0.526881414112819,1,0,0,0,0,1,0
"908",30,24,0.726509852025526,-1.3895541364246,-0.532593088822759,0.0713182494452143,0,0,1,0,0,1,0
"909",39,24,0.677081068768333,-0.785890263242174,-0.228362438352156,-0.260605803226402,0,1,0,0,0,0,0
"910",40,25,-1.34949904477656,-0.153866342326342,-0.945771201961887,1.00892472334879,0,1,0,1,1,0,1
"911",30,24,-0.0561125495466874,-0.137660600764398,-0.475035938733726,-0.810879932112704,0,0,0,0,0,0,0
"912",34,25,-0.599829165375804,0.145939876569629,-0.168749675759944,1.01485545133518,1,1,0,0,0,0,1
"913",38,24,1.0889875959116,-0.178174954669259,0.149870262232917,-0.0429679639610714,0,0,0,0,0,0,0
"914",39,24,1.03132068211155,-1.3895541364246,-0.19958386330764,-0.0718012754531669,0,0,1,0,0,1,0
"915",32,24,0.034506886424832,-0.0971462468595369,-0.715542601605756,-1.04917576627232,1,0,0,0,0,0,0
"916",39,25,0.0180306253391012,0.141888441179143,0.108758012169322,0.0782673138921928,1,1,0,1,1,0,1
"917",37,24,-0.229113290946861,-1.3895541364246,0.476712650238496,0.954653818618455,1,0,1,0,0,1,0
"918",39,24,-1.62959548323398,-0.579267058327383,-0.945771201961887,0.909812448841427,0,1,0,1,1,0,0
"919",40,25,0.388746499768044,0.226968584379351,1.13039742624966,-0.773664752231973,1,0,0,0,1,0,1
"920",40,25,1.28670272894037,-1.75418332156835,3.0544507292259,0.856338139157267,0,1,1,0,0,1,1
"921",30,24,1.0889875959116,-0.785890263242174,0.943336688460299,0.652055899950517,0,1,0,0,0,1,0
"922",33,24,1.19608329296885,-1.3895541364246,0.269095787417342,0.574473640616758,1,0,1,0,0,0,0
"923",39,24,-1.20121269500498,-0.137660600764398,-0.945771201961887,0.146046153010247,0,0,0,0,1,0,0
"924",33,25,1.22903581514032,-1.75418332156835,0.306096812474578,0.894874487065889,1,1,1,0,0,1,1
"925",28,25,1.08074946536874,-0.137660600764398,0.922780563428501,1.2289814653091,1,1,0,1,1,0,1
"926",39,24,-1.31654652260509,-0.299718016383842,-0.945771201961887,0.587770929096608,0,1,0,0,1,0,0
"927",40,25,0.850081810168507,-1.75418332156835,1.93003068998658,0.837446285335531,1,1,1,0,0,1,0
"928",39,24,-1.38245156694802,0.226968584379351,-0.945771201961887,0.687307000887721,0,1,0,0,1,0,0
"929",38,24,-1.12706952011919,-0.360489547241133,-0.945771201961887,0.521769873784567,0,1,0,1,1,0,0
"930",39,24,-1.57192856943392,-0.174123519278773,-0.945771201961887,0.296037706763112,0,1,0,1,1,0,0
"931",26,24,-0.937592517633285,-0.157917777716828,-0.945771201961887,0.686085962263941,0,1,0,1,1,0,0
"932",39,24,0.388746499768044,-1.75013188617787,0.400654987620846,0.716898595959302,0,1,0,1,1,0,0
"933",35,24,0.751224243654122,-0.785890263242174,-0.623040038962667,1.03670636208995,0,1,0,1,1,0,0
"934",40,25,-2.15683583797736,-0.542804139813008,-0.945771201961887,1.23946900892118,0,1,0,1,1,0,1
"935",40,25,1.08074946536874,-0.785890263242174,0.0738125996152662,-0.524262080444513,1,0,0,0,0,1,1
"936",26,25,-1.84378687734848,0.105425522664768,-0.945771201961887,0.873166289673992,0,1,0,1,1,0,1
"937",35,24,0.347555847053717,0.226968584379351,1.48190716429339,1.03309632695643,0,1,0,1,1,0,1
"938",39,24,0.965415637768622,-1.75418332156835,0.398599375117666,0.0590093181305573,1,1,1,0,0,1,0
"939",36,24,-1.53897604726246,-0.137660600764398,-0.945771201961887,0.249005510661772,0,1,0,1,1,0,1
"940",39,24,0.70179546039693,0.226968584379351,1.7347475021845,0.371325566210463,1,1,0,1,1,0,0
"941",40,24,-1.2918321309765,-0.137660600764398,-0.945771201961887,0.560091907342439,0,1,0,1,1,0,0
"942",40,24,0.784176765825584,-0.785890263242174,0.318430487493656,1.06550877561107,0,1,0,1,1,0,1
"943",38,24,1.01484442102581,-0.785890263242174,1.1057300762115,0.808075580349776,1,1,0,1,1,0,1
"944",39,24,-1.15178391174779,-0.380746724193564,-0.945771201961887,0.618825465496407,0,1,0,1,1,0,1
"945",40,24,-1.16826017283352,-0.137660600764398,-0.945771201961887,0.189625827741839,0,1,0,1,1,0,1
"946",40,24,-1.06940260631913,-0.785890263242174,-0.945771201961887,0.660551206143023,0,1,0,1,1,0,1
"947",38,24,0.364032108139448,0.267482938284212,1.03583925110339,0.227313509936664,1,0,0,0,0,1,1
"948",40,24,-1.34126091423369,-0.21868930857412,-0.945771201961887,0.459595408113086,0,1,0,1,1,0,1
"949",34,24,-1.34126091423369,0.226968584379351,-0.945771201961887,0.255329285280757,0,1,0,1,1,0,1
"950",40,24,0.825367418539911,-0.542804139813008,-0.0392460880596197,0.457054129219216,1,1,0,1,0,1,1
"951",40,24,0.0592212780534282,0.267482938284212,-0.411311951135154,0.59014016110581,1,1,0,1,1,0,1
"952",26,24,-1.54721417780532,-0.178174954669259,-0.945771201961887,0.530046789415957,0,1,0,1,1,0,1
"953",39,24,-1.34949904477656,-0.157917777716828,-0.945771201961887,0.201118575965559,0,1,0,1,1,0,0
"954",33,24,-0.0973032022610144,-0.174123519278773,0.60621623793882,-0.230200604478721,1,1,0,0,1,0,1
"955",29,24,-1.06116447577627,-0.137660600764398,-0.945771201961887,0.543293472583155,0,1,0,1,1,0,1
"956",31,24,-1.52249978617673,-0.0161175390498148,-0.945771201961887,0.496032144824013,0,1,0,1,1,0,1
"957",35,24,0.850081810168507,-0.785890263242174,0.36570957506679,0.856007581226128,0,1,0,1,1,0,0
"958",39,24,-1.06116447577627,-0.380746724193564,-0.945771201961887,0.620605082668184,0,1,0,1,1,0,1
"959",39,24,1.05603507374014,0.0243968148550462,2.27126236551441,0.711412565085003,1,1,0,1,1,0,1
"960",29,24,-1.06116447577627,-0.137660600764398,-0.945771201961887,0.488198759959268,0,1,0,1,1,0,1
"961",31,24,0.70179546039693,-0.785890263242174,0.314319262487296,-0.520127057306699,0,0,0,0,0,1,1
"962",39,24,-1.73669118029123,-0.194380696231203,-0.945771201961887,-0.169735606317239,0,1,0,1,1,0,0
"963",39,24,0.347555847053717,-0.380746724193564,-0.849157414312439,0.13695250346411,1,1,0,1,1,0,1
"964",28,24,-1.2918321309765,0.0243968148550462,-0.945771201961887,0.876985482234642,0,1,0,1,0,0,1
"965",38,24,0.0674594085962936,-0.502289785908147,0.0614789245961878,0.471810933360549,0,1,0,1,1,0,1
"966",40,24,0.644128546596872,-1.75418332156835,-0.378422151084278,1.84880448474864,1,1,1,0,0,1,1
"967",39,24,-2.28864592666321,0.170248488912546,-0.945771201961887,0.991927354115875,0,1,0,1,1,0,0
"968",40,24,0.981891898854353,0.105425522664768,2.11298020276957,0.544270079881118,1,1,0,1,0,0,1
"969",40,24,0.874796201797103,-0.542804139813008,0.351320287544532,0.93990694681876,1,1,0,1,1,0,1
"970",39,24,-1.79435809409129,0.267482938284212,-0.945771201961887,0.220466900151136,0,1,0,1,1,0,1
"971",40,24,0.355793977596583,0.0243968148550462,0.602105012932461,0.635034761130039,1,0,0,0,0,1,1
"972",40,24,-1.83554874680561,-0.0971462468595369,-0.945771201961887,-0.0818245103341102,0,0,0,0,1,0,1
"973",38,24,0.0509831475105628,-0.137660600764398,-0.60453952643405,0.250836212160933,0,1,0,1,0,1,0
"974",32,24,0.940701246140026,-0.785890263242174,-0.164638450753584,0.501943270596324,1,1,0,1,0,1,1
"975",40,24,-1.24240334771931,-0.542804139813008,-0.945771201961887,0.383371543921854,0,1,0,1,1,0,1
"976",40,24,-1.44011848074807,-0.704861555432452,-0.945771201961887,0.0782673138921928,0,1,0,1,1,0,1
"977",25,23,0.0180306253391012,-0.441518255050856,0.456156525206699,0.703017691476809,0,1,0,1,1,0,0
"978",40,24,-1.90145379114854,0.5915977695231,-0.945771201961887,0.523049389434212,0,1,0,1,1,0,1
"979",40,24,-0.0973032022610144,-0.0363747160022454,-0.349643576039761,-0.086211444463668,1,1,0,1,0,0,1
"980",40,24,-1.34949904477656,-0.785890263242174,-0.945771201961887,0.182967140872747,0,1,0,1,1,0,1
"981",38,24,-1.34949904477656,-0.785890263242174,-0.945771201961887,0.3027881847283,0,1,0,1,0,1,1
"982",39,23,1.39379842599762,-0.785890263242174,-0.398978276116075,0.409537702930916,0,1,0,0,1,0,0
"983",39,23,-0.047874419003822,0.57134059257067,0.230039149856927,-0.299676467077699,1,0,0,0,0,1,0
"984",39,23,1.01484442102581,0.226968584379351,0.439711625181261,-0.616032860922054,0,0,0,0,0,1,0
"985",40,30,0.594699763339679,-0.785890263242174,0.349264675041352,-0.468977624073289,1,1,0,0,0,0,1
"986",38,29,0.899510593425699,0.0243968148550462,0.293763137455499,-0.570514344003391,0,0,0,0,0,0,0
"987",38,30,-1.41540408911948,-0.640038589184674,-0.945771201961887,1.24167031166786,0,1,0,1,1,0,0
"988",39,29,1.09722572645447,-0.785890263242174,-0.0228011880341817,-0.582260230139821,1,1,0,1,0,0,0
"989",40,30,-1.90145379114854,-0.194380696231203,-0.945771201961887,0.130377269882593,0,1,0,1,1,0,1
"990",40,30,-1.25887960880504,0.0243968148550462,-0.945771201961887,0.096185948397237,0,0,0,0,1,0,1
"991",36,29,0.998368159940084,-0.234895050136064,-0.123526200689989,0.733632114179669,0,1,0,1,1,0,0
"992",39,29,-1.62959548323398,-0.611678541451272,-0.945771201961887,-0.581227717674263,0,0,0,0,0,1,0
"993",37,29,-1.90145379114854,-0.137660600764398,-0.945771201961887,0.788736136979241,0,1,0,1,1,0,0
"994",39,29,-1.62959548323398,-0.664347201527591,-0.945771201961887,0.261970188720044,0,1,0,1,1,0,0
"995",39,29,-1.14354578120492,-0.785890263242174,-0.945771201961887,0.78374941425437,0,1,0,1,1,0,0
"996",38,29,-1.67078613594831,0.25938006750324,-0.945771201961887,1.25908978124807,0,1,0,1,1,0,0
"997",39,29,0.841843679625641,-0.542804139813008,-0.0186899630278222,1.56143542689229,1,1,0,1,0,1,0
"998",40,30,-1.45659474183381,0.267482938284212,-0.945771201961887,0.495065709524082,0,1,0,1,1,0,1
"999",39,29,-1.44011848074807,-0.174123519278773,-0.945771201961887,-0.17517478723137,0,1,0,0,1,0,0
"1000",40,29,0.281650802710794,0.66452360655185,0.556881537862506,-0.630361494436503,1,0,0,0,1,0,0
"1001",39,30,-1.44011848074807,0.0446539918074767,-0.945771201961887,1.10092113473792,0,1,0,1,1,0,1
"1002",39,29,-1.15178391174779,-0.137660600764398,-0.945771201961887,0.328880771951698,0,1,0,1,1,0,0
"1003",39,29,-1.32478465314796,-0.785890263242174,-0.945771201961887,0.059514847747745,0,1,0,1,1,0,0
"1004",40,29,0.240460149996467,-0.704861555432452,0.412988662639924,1.48365829918693,1,1,0,1,0,1,1
"1005",39,29,-1.45659474183381,-0.704861555432452,-0.945771201961887,0.909302010984413,0,1,0,1,1,0,0
"1006",40,29,-1.31654652260509,-0.785890263242174,-0.945771201961887,0.0669098143997199,0,1,0,1,1,0,1
"1007",40,29,-1.25064147826217,-0.785890263242174,-0.945771201961887,0.0784336972987388,0,1,0,1,1,0,1
"1008",38,29,-1.76140557191983,-0.0566318929546759,-0.945771201961887,0.197792667047109,0,1,0,1,1,0,0
"1009",39,29,-1.35773717531942,-0.137660600764398,-0.945771201961887,0.036424912334886,0,1,0,1,0,1,0
"1010",39,29,1.12194011808307,-0.380746724193564,-0.76487730168207,1.06118883252525,1,1,0,1,1,0,0
"1011",40,29,0.553509110625352,0.611854946475531,1.18178773882915,-0.161190723577965,1,1,0,0,0,1,1
"1012",39,29,-1.62135735269111,-0.178174954669259,-0.945771201961887,-0.122345968256222,0,1,0,0,1,0,0
"1013",40,29,0.322841455425121,-0.137660600764398,-0.271530300918931,-0.749421001443562,1,0,0,0,0,0,1
"1014",39,28,-1.506023525091,-1.75418332156835,-0.945771201961887,1.03221451374905,0,1,1,0,0,1,0
"1015",40,29,-1.24240334771931,-0.174123519278773,-0.945771201961887,0.397834961866285,0,1,0,1,0,1,1
"1016",40,29,-1.44835661129094,0.267482938284212,-0.945771201961887,0.653607515332664,0,1,0,1,1,0,1
"1017",39,28,-0.888163734376093,-0.785890263242174,-0.945771201961887,-0.82841875191977,0,0,0,0,0,0,0
"1018",39,28,-0.089065071718149,-0.461775432003286,-0.322920613498425,0.518628380542991,1,0,0,0,1,0,0
"1019",40,29,-1.38245156694802,-0.137660600764398,-0.945771201961887,0.530621596696497,0,1,0,1,1,0,1
"1020",38,28,-0.954068778719016,0.226968584379351,-0.945771201961887,1.2340544406424,0,1,0,1,0,1,0
"1021",39,28,0.775938635282718,-0.234895050136064,-0.0598022130914172,-0.640437647365416,1,0,0,0,0,0,0
"1022",40,29,-1.61311922214825,0.834683892952266,-0.945771201961887,0.998707293873277,0,1,0,1,1,0,1
"1023",40,29,-1.38245156694802,-0.137660600764398,-0.945771201961887,0.75577537232447,0,1,0,1,1,0,1
"1024",30,28,0.0921738002248898,0.267482938284212,2.4048771782211,0.473688023785747,0,1,0,1,1,0,1
"1025",39,28,0.133364452939217,-0.62383284762273,-0.544926763841837,0.654628436821191,1,1,0,0,1,0,0
"1026",40,29,0.0427450169676974,1.54368508628733,-0.423645626154232,-2.05322920631475,1,0,0,0,1,0,1
"1027",39,28,1.06427320428301,-0.785890263242174,-0.179027738275842,0.862078240365476,0,0,0,1,0,0,0
"1028",39,28,1.0889875959116,-0.401003901145994,4.15625903093024,0.926339563772985,1,1,0,1,1,0,0
"1029",39,28,0.232222019453602,0.18645423047449,-0.176972125772663,0.389651611214938,1,1,0,1,1,0,0
"1030",39,28,-1.83554874680561,0.372820258436851,-0.945771201961887,1.22980666749847,0,1,0,1,1,0,0
"1031",32,28,0.775938635282718,-0.785890263242174,-0.470924713727366,1.34841279599433,0,1,0,1,0,1,1
"1032",39,28,1.12194011808307,-1.75418332156835,0.53015857532117,1.14550417606213,0,1,1,0,0,0,0
"1033",40,28,0.619414154968276,-0.785890263242174,0.201260574812411,0.0889890386844094,0,1,0,1,0,1,1
"1034",39,28,0.858319940711372,-0.631935718403702,1.33184745156127,0.932416057062353,1,1,0,0,1,0,0
"1035",38,28,1.08074946536874,-1.75418332156835,0.458212137709879,0.853790965901252,1,1,1,0,0,1,1
"1036",39,28,1.31965525111183,-1.3895541364246,1.09339640119242,0.168411869272714,1,0,1,0,0,1,0
"1037",40,28,1.18784516242599,-0.785890263242174,0.906335663403063,0.532467704119593,1,1,0,1,0,0,1
"1038",36,28,1.25375020676891,-1.75418332156835,2.82833335387613,1.09128398679882,0,1,1,0,0,0,0
"1039",31,28,0.759462374196987,-0.785890263242174,0.320486099996836,0.622382595299651,0,1,0,1,0,1,0
"1040",40,28,0.034506886424832,0.18645423047449,0.0224222870357727,0.634115399281126,0,1,0,1,1,0,0
"1041",40,28,1.10546385699733,-0.137660600764398,1.27017907646588,0.674939876266031,1,1,0,1,1,0,1
"1042",39,28,0.80889115745418,-1.75418332156835,-0.322920613498425,1.04861940912027,1,1,1,0,0,1,0
"1043",40,28,0.41346089139664,-1.75418332156835,3.27029004205977,-0.869635397462849,0,0,1,0,0,0,1
"1044",32,28,0.784176765825584,-1.75418332156835,-0.123526200689989,1.88673065624054,0,1,1,0,0,1,0
"1045",39,28,0.866558071254238,-1.75418332156835,0.392432537608127,1.24769458600905,1,1,1,0,0,0,0
"1046",40,28,-1.21768895609071,-0.680552943089535,-0.945771201961887,0.444456780907507,0,1,0,1,1,0,1
"1047",40,28,0.537032849539621,-1.75418332156835,0.355431512550891,0.84589048324414,0,1,1,0,0,1,1
"1048",39,28,-1.76140557191983,0.251277196722268,-0.945771201961887,0.132732691632352,0,0,0,0,0,1,0
"1049",34,28,-0.163208246603938,0.611854946475531,0.176593224774254,-0.778560782497866,1,0,0,0,0,0,1
"1050",39,27,1.03955881265441,0.18645423047449,2.2116496029222,0.876985482234642,0,1,0,1,0,0,0
"1051",40,28,-1.40716595857661,0.226968584379351,-0.945771201961887,0.673932662503927,0,1,0,1,1,0,1
"1052",39,27,0.990130029397219,-1.75418332156835,1.26195662645316,1.68176510259009,1,1,1,0,0,1,0
"1053",38,27,0.841843679625641,0.226968584379351,-0.146137938224967,0.0502761891038574,1,0,0,0,1,0,0
"1054",40,28,0.0180306253391012,-0.461775432003286,-0.721709439115295,0.685752779506675,1,1,0,1,1,0,1
"1055",40,28,-1.03645008414767,-0.542804139813008,-0.945771201961887,0.211915293529703,0,1,0,1,1,0,0
"1056",37,27,-0.0231600273752258,0.980535567009766,-0.405145113625614,-0.960817669267206,1,0,0,0,1,0,0
"1057",34,27,0.71827172148266,-1.75418332156835,1.63813371453505,1.66340770123733,0,1,1,0,0,1,0
"1058",37,27,0.751224243654122,-1.75418332156835,2.10270214025367,1.37343340188179,0,1,1,0,0,0,0
"1059",39,27,1.33613151219757,-0.984410597375993,0.332819775015914,-0.0249195522564807,0,1,0,1,0,0,0
"1060",38,27,-1.40716595857661,-0.137660600764398,-0.945771201961887,-0.0680673696124546,0,1,0,1,1,0,0
"1061",37,27,-0.187922638232534,-0.137660600764398,1.04817292612247,0.850177831015691,0,1,0,1,1,0,0
"1062",31,27,-1.48954726400527,-0.704861555432452,-0.945771201961887,0.853989602080029,0,1,0,1,0,1,0
"1063",31,27,1.24551207622605,0.105425522664768,2.24453940297308,0.916083049777367,1,1,0,1,0,1,0
"1064",39,27,-0.130255724432476,1.06156427481949,3.04006144170364,1.26961557890842e-06,1,0,0,0,1,0,0
"1065",34,27,-1.39068969749088,-0.174123519278773,-0.945771201961887,0.805547787443779,0,1,0,1,1,0,0
"1066",39,27,0.660604807682603,-0.137660600764398,0.166315162258355,0.483716242681487,1,1,0,1,1,0,1
"1067",39,27,0.364032108139448,0.393077435389281,0.573326437887944,-0.469776072943394,1,0,0,0,1,0,0
"1068",39,27,-1.16002204229065,0.226968584379351,-0.945771201961887,0.195331878673662,0,1,0,1,1,0,0
"1069",34,27,0.891272462882834,-1.75418332156835,2.13353632780137,0.801131039235953,0,1,1,0,0,1,0
"1070",39,27,1.1137019875402,-1.75418332156835,-0.185194575785382,0.875844005668969,1,1,1,0,0,1,0
"1071",39,27,0.545270980082487,-0.178174954669259,0.248539662385545,0.565476128107069,1,0,0,0,1,0,0
"1072",34,27,1.33613151219757,-0.785890263242174,1.21056631387367,-0.683547801294308,0,0,0,0,0,0,1
"1073",36,27,-1.52249978617673,0.307997292189073,-0.945771201961887,1.02443216860405,0,1,0,1,1,0,0
"1074",40,27,0.973653768311488,-1.75418332156835,2.0903684652346,0.856800798164875,1,1,1,0,0,1,1
"1075",39,27,1.09722572645447,-1.75418332156835,1.28045713898178,1.12731605974898,0,1,1,0,0,0,0
"1076",29,27,0.792414896368449,-0.704861555432452,-0.27975275093165,0.761595050696434,1,1,0,1,0,1,0
"1077",40,27,-1.20945082554784,0.226968584379351,-0.945771201961887,0.501399244989655,0,1,0,0,1,0,1
"1078",34,27,-0.336208988004111,-0.640038589184674,1.2886795889945,0.980132961725202,1,1,0,1,0,1,0
"1079",39,27,0.652366677139737,-1.75418332156835,-0.36403286356202,-0.704408151015553,0,0,1,0,0,0,1
"1080",34,27,-1.52249978617673,0.510569061713378,-0.945771201961887,1.07870821396836,0,1,0,1,1,0,1
"1081",32,27,-1.92616818277713,-0.153866342326342,-0.945771201961887,0.557432871655577,0,1,0,1,1,0,0
"1082",39,27,-0.863449342747497,-0.785890263242174,-0.945771201961887,0.377337894077427,0,1,0,1,1,0,0
"1083",39,23,-1.68726239703404,0.348511646093934,-0.945771201961887,-0.188892605768328,0,0,0,0,1,0,1
"1084",35,23,0.289888933253659,-0.137660600764398,-0.668263514032622,-1.44294320913912,0,0,0,0,0,1,0
"1085",35,23,0.487604066282429,-0.542804139813008,0.137536587213838,0.245982450320268,1,1,0,1,1,0,0
"1086",35,23,0.487604066282429,-0.542804139813008,0.137536587213838,0.245982450320268,1,1,0,1,1,0,0
"1087",40,23,-0.270303943661188,0.109476958055254,1.15300916378463,0.810633202311531,1,1,0,1,0,1,1
"1088",38,23,-0.154970116061072,0.247225761331782,0.314319262487296,0.203263717463591,0,0,0,0,1,0,0
"1089",31,23,-1.67078613594831,0.206711407426921,-0.945771201961887,0.234928877525798,0,1,0,1,1,0,1
"1090",39,23,-0.970545039804747,-0.785890263242174,-0.945771201961887,-0.208162698215046,0,1,0,1,0,0,0
"1091",40,23,-1.38245156694802,0.226968584379351,-0.945771201961887,0.625353300642299,0,1,0,0,1,0,1
"1092",40,23,0.710033590939795,-0.502289785908147,-0.754599239166171,0.562866787862499,1,1,0,1,1,0,1
"1093",32,23,-1.23416521717644,-0.522546962860577,-0.945771201961887,0.383416818096546,0,0,0,0,0,1,0
"1094",41,23,1.27022646785464,0.0243968148550462,1.36268163910897,1.30632699655002,1,1,0,1,1,0,0
"1095",35,23,-1.58840483051965,-0.542804139813008,-0.945771201961887,0.017717227331499,0,1,0,1,1,0,1
"1096",39,23,0.710033590939795,-0.502289785908147,-0.0474685380723386,0.968245288463483,1,1,0,1,1,0,1
"1097",40,23,1.07251133482587,-0.785890263242174,0.388321312601767,-0.457447526820721,0,0,0,0,1,0,1
"1098",39,23,-1.47307100291954,-0.259203662478981,-0.945771201961887,0.048636598979974,0,1,0,1,0,1,0
"1099",39,23,1.1137019875402,0.0243968148550462,1.78613781476399,1.23885411605797,0,1,0,1,1,0,0
"1100",39,23,0.421699021939506,-1.3895541364246,4.25081720607651,-0.287246910437202,0,0,1,0,0,0,0
"1101",32,23,-1.73669118029123,-0.984410597375993,-0.945771201961887,1.88092435258466,0,1,1,0,0,1,1
"1102",39,23,-1.23416521717644,-0.785890263242174,-0.945771201961887,0.44014690245896,0,1,0,1,1,0,1
"1103",40,23,-1.11883138957632,-0.380746724193564,-0.945771201961887,0.760010099035981,0,1,0,1,1,0,1
"1104",40,23,-1.06940260631913,-0.299718016383842,-0.945771201961887,1.05422201963738,0,1,0,1,1,0,1
"1105",31,23,0.537032849539621,-0.299718016383842,-0.00430067550556404,0.313402965021392,0,1,0,1,0,0,1
"1106",34,23,0.932463115597161,-0.441518255050856,-0.853268639318799,-0.803283049733511,1,0,0,0,0,0,1
"1107",40,23,-1.40716595857661,0.231020019769837,-0.945771201961887,0.333053196902997,0,1,0,1,1,0,1
"1108",39,23,0.957177507225757,-0.174123519278773,1.46135103926159,0.869927068239005,0,1,0,1,1,0,1
"1109",35,23,0.586461632796814,-0.380746724193564,0.378043250085869,1.13625930527981,1,1,0,1,1,0,1
"1110",41,23,-1.88497753006281,0.696935089675739,-0.945771201961887,0.327800618833382,0,1,0,1,1,0,1
"1111",41,23,-0.253827682575457,0.170248488912546,0.881668313364906,-0.547210311884309,0,0,0,0,0,0,1
"1112",36,23,0.331079585967986,-0.174123519278773,2.61454965354543,0.822139668506155,1,1,0,1,1,0,0
"1113",31,23,0.726509852025526,-0.579267058327383,1.84780618985939,1.17121465201149,0,1,0,1,1,0,1
"1114",34,23,0.841843679625641,-0.319975193336272,-0.446257363689209,-1.48550430129084,1,0,0,0,0,0,0
"1115",40,23,0.883034332339968,-0.542804139813008,0.0368115745580309,-0.154376671535986,1,1,0,1,0,0,1
"1116",40,23,1.43498907871195,-0.542804139813008,1.84163935234985,0.297092971013051,0,1,0,1,0,0,1
"1117",25,22,1.12194011808307,-0.984410597375993,0.04297841206757,-1.43533266142349,1,0,1,0,0,0,0
"1118",37,23,-1.16826017283352,0.226968584379351,-0.945771201961887,0.390913491804574,0,1,0,0,0,1,1
"1119",39,22,-1.57192856943392,0.895455423809558,-0.945771201961887,-0.420284255350458,0,0,0,0,1,0,0
"1120",39,22,0.00979249479623583,-0.137660600764398,-0.43803491367649,0.396803258253836,1,1,0,1,1,0,0
"1121",39,22,0.899510593425699,-1.75418332156835,0.349264675041352,0.0173129639921387,0,1,1,0,0,1,0
"1122",39,22,-0.0808269411752836,1.34111331676303,-0.331143063511144,-1.75562880375481,0,0,0,0,0,0,0
"1123",37,22,0.800653026911314,-0.785890263242174,0.922780563428501,-0.281951262108028,0,0,0,0,0,0,0
"1124",39,22,-1.09411699794773,-0.137660600764398,-0.945771201961887,0.96465134906917,0,1,0,0,1,0,0
"1125",35,23,-1.45659474183381,0.57134059257067,-0.945771201961887,0.401462724744509,0,1,0,1,1,0,1
"1126",39,22,0.734747982568391,-0.137660600764398,0.269095787417342,0.994914296020384,1,1,0,1,1,0,0
"1127",28,22,0.405222760853775,0.794169539047405,-0.246862950880774,-0.475136649114472,1,0,0,0,1,0,0
"1128",41,22,-1.33302278369082,-0.579267058327383,-0.945771201961887,0.655988587698378,0,1,0,1,1,0,0
"1129",39,22,0.61117602442541,-0.401003901145994,0.861112188333109,0.766585523954216,1,1,0,1,1,0,0
"1130",23,22,-1.75316744137696,-0.0161175390498148,-0.945771201961887,0.932070387792899,0,1,0,1,1,0,0
"1131",37,22,0.438175283025237,0.0243968148550462,1.7141913771527,0.466208403788522,0,1,0,1,0,1,0
"1132",39,23,-1.11883138957632,-0.785890263242174,-0.945771201961887,0.154030730522754,0,1,0,1,1,0,0
"1133",39,22,-1.44011848074807,-0.704861555432452,-0.945771201961887,0.201169686357547,0,1,0,0,1,0,0
"1134",39,22,-1.39892782803375,0.409283176951226,-0.945771201961887,0.378246758515948,0,1,0,1,1,0,0
"1135",37,22,-0.089065071718149,-0.113351988421481,-0.452424201198749,-1.21670220625323,0,0,0,0,0,0,0
"1136",39,22,-1.2918321309765,-0.137660600764398,-0.945771201961887,0.232778440853056,0,1,0,1,1,0,0
"1137",39,22,-1.16002204229065,0.226968584379351,-0.945771201961887,0.413891755112073,0,1,0,1,1,0,0
"1138",39,22,1.43498907871195,0.226968584379351,2.73788640373622,-0.274147784612323,0,1,0,1,0,1,0
"1139",38,22,0.0262687558819666,1.9893429792408,1.56824288942694,-1.44294320913912,0,0,0,0,0,0,0
"1140",39,22,-1.67902426649117,-0.0363747160022454,-0.945771201961887,-0.211387327958409,0,0,0,0,1,0,0
"1141",39,22,-1.25887960880504,-0.259203662478981,-0.945771201961887,-0.319418696670743,0,0,0,0,1,0,0
"1142",40,22,-2.02502574929152,-0.396952465755508,-0.945771201961887,0.0777680531371561,0,1,0,0,1,0,0
"1143",36,22,1.05603507374014,-0.785890263242174,0.9330586259444,0.152447763344257,0,1,0,0,0,1,0
"1144",39,22,-1.2918321309765,-0.137660600764398,-0.945771201961887,0.266870528738854,0,1,0,1,1,0,0
"1145",28,22,0.858319940711372,-0.380746724193564,1.29895765151039,1.32325937608074,1,1,0,1,1,0,0
"1146",27,22,0.339317716510852,-0.785890263242174,0.0553120870866486,0.999308477771633,0,1,0,1,1,0,1
"1147",29,22,-1.16826017283352,-0.178174954669259,-0.945771201961887,0.96796913646851,0,1,0,1,0,1,1
"1148",39,22,-1.09411699794773,-0.340232370288703,-0.945771201961887,0.905180260722779,0,1,0,1,1,0,1
"1149",33,22,-1.47307100291954,-0.401003901145994,-0.945771201961887,0.343829013003935,0,1,0,1,1,0,1
"1150",35,22,1.03132068211155,0.348511646093934,-0.19958386330764,-1.39046127068808,1,0,0,0,0,1,0
"1151",39,22,-0.945830648176151,-0.785890263242174,-0.945771201961887,-0.0636110829785162,0,1,0,1,0,1,0
"1152",39,22,-0.945830648176151,-0.785890263242174,-0.945771201961887,-0.0636110829785162,0,1,0,1,0,1,0
"1153",38,22,-1.06940260631913,0.226968584379351,-0.945771201961887,0.180948228597919,0,1,0,1,0,0,1
"1154",32,22,-1.91793005223427,-0.234895050136064,-0.945771201961887,1.24172146641594,0,1,0,1,1,0,1
"1155",33,22,0.215745758367871,-0.0363747160022454,0.328708550009555,1.05685643786551,0,1,0,1,1,0,1
"1156",40,27,1.03132068211155,-1.75418332156835,-0.92110385192373,1.63583785411605,0,1,1,0,0,1,1
"1157",40,27,-1.24240334771931,-0.542804139813008,-0.945771201961887,-0.0715561447863978,0,0,0,0,1,0,1
"1158",39,27,-1.01173569251907,-0.137660600764398,-0.945771201961887,0.10596451105519,0,1,0,1,1,0,0
"1159",39,27,0.232222019453602,0.0446539918074767,-0.135859875709068,0.627548618518617,1,1,0,1,1,0,0
"1160",40,27,-1.25064147826217,-1.75418332156835,-0.945771201961887,-0.0280713501322515,0,1,1,0,0,0,1
"1161",40,27,1.1137019875402,-1.75418332156835,1.44901736424252,1.07996199171183,1,1,1,0,0,0,1
"1162",41,27,-1.67902426649117,0.846838199123724,-0.945771201961887,-1.39784742787368,0,0,0,0,1,0,1
"1163",40,27,0.825367418539911,0.226968584379351,0.797388200734537,0.160556032770098,0,0,0,0,1,0,1
"1164",40,27,0.677081068768333,-0.785890263242174,4.81816625695412,-0.099636885079085,0,0,0,0,0,1,1
"1165",40,27,-0.962306909261882,0.226968584379351,-0.945771201961887,-0.221509116797893,0,0,0,0,0,1,1
"1166",34,27,-1.27535586989077,-0.137660600764398,-0.945771201961887,1.5095843487056,0,1,0,0,0,1,1
"1167",39,27,0.158078844567813,0.267482938284212,1.62785565201915,0.520034597109412,1,1,0,1,1,0,0
"1168",40,27,-1.15178391174779,-0.380746724193564,-0.945771201961887,-0.0117301457432468,0,0,0,0,1,0,1
"1169",39,26,-1.04468821469054,-0.785890263242174,-0.945771201961887,0.574553377491798,0,1,0,0,1,0,0
"1170",27,26,0.940701246140026,-0.704861555432452,-0.563427276370455,0.977482429347855,1,1,0,1,0,1,0
"1171",38,26,0.644128546596872,-1.75418332156835,0.896057600887164,0.914589392444222,0,1,1,0,0,1,0
"1172",39,26,-0.978783170347612,-0.785890263242174,-0.945771201961887,0.925803149551745,0,1,0,1,1,0,0
"1173",39,27,0.331079585967986,-1.75418332156835,2.21781644043174,0.806436415397908,0,1,1,0,0,1,0
"1174",39,26,0.981891898854353,-0.542804139813008,0.875501475855367,0.853625415697586,0,1,0,1,1,0,0
"1175",39,26,0.784176765825584,-1.75418332156835,-0.207806313320359,1.80119603335365,1,1,1,0,0,1,0
"1176",40,27,-1.0282119536048,-0.785890263242174,-0.945771201961887,0.19866323107549,0,1,0,1,1,0,1
"1177",38,26,-0.0643506800895528,-1.75418332156835,1.12423058874012,1.57454882230322,0,1,1,0,0,1,0
"1178",39,27,-1.59664296106252,-0.153866342326342,-0.945771201961887,0.543537683902052,0,1,0,1,1,0,0
"1179",33,26,0.965415637768622,-0.785890263242174,-0.0269124130405413,0.951306476506641,0,1,0,1,1,0,0
"1180",39,26,-0.805782428947439,-0.785890263242174,-0.945771201961887,0.609973516071963,0,1,0,1,1,0,0
"1181",40,27,-1.25064147826217,0.226968584379351,-0.945771201961887,0.326155416764854,0,1,0,1,1,0,1
"1182",39,26,-0.229113290946861,0.226968584379351,-0.11530375067727,-1.28381513803435,0,0,0,0,0,0,0
"1183",40,26,-0.286780204746919,0.636163558818447,0.478768262741676,-0.256095692626318,0,1,0,0,1,0,1
"1184",38,26,-1.53897604726246,-0.0363747160022454,-0.945771201961887,0.780902342258196,0,1,0,1,1,0,0
"1185",39,26,0.273412672167929,0.231020019769837,-0.0926920131422931,0.419382949580947,1,1,0,1,0,1,0
"1186",40,26,0.841843679625641,-1.75418332156835,0.0409227995643904,1.91505461174922,1,1,1,0,0,1,1
"1187",39,26,1.31141712056897,-0.785890263242174,3.5210747674477,1.1132017480509,1,1,0,1,1,0,0
"1188",39,26,0.50408032736816,-0.380746724193564,0.875501475855367,0.914494002200854,1,1,0,1,1,0,0
"1189",40,26,1.15489264025453,-1.75418332156835,1.67924596459865,1.81087765642056,1,1,1,0,0,1,1
"1190",39,26,-1.0282119536048,-0.785890263242174,-0.945771201961887,0.106345623426637,0,1,0,1,1,0,0
"1191",38,26,0.874796201797103,-1.75418332156835,-0.812156389255204,1.93218085811658,1,1,1,0,0,1,0
"1192",39,26,-1.19297456446211,-0.137660600764398,-0.945771201961887,0.787767791288539,0,1,0,1,1,0,0
"1193",40,27,-1.51426165563386,0.145939876569629,-0.945771201961887,0.63192965853318,0,1,0,1,1,0,1
"1194",35,26,0.578223502253948,-1.75418332156835,0.0655901496025473,1.80578983975087,0,1,1,0,0,1,1
"1195",40,27,-1.51426165563386,0.145939876569629,-0.945771201961887,0.505119793583812,0,1,0,1,1,0,1
"1196",36,26,0.537032849539621,-0.785890263242174,-0.731987501631194,0.706271706118361,0,1,0,1,1,0,1
"1197",40,26,0.537032849539621,-0.178174954669259,0.388321312601767,-0.681247754996025,0,0,0,0,0,1,1
"1198",39,26,-1.59664296106252,-0.194380696231203,-0.945771201961887,0.214095765156568,0,1,0,1,1,0,0
"1199",37,26,-0.978783170347612,-0.137660600764398,-0.945771201961887,0.735245111063054,0,1,0,1,1,0,0
"1200",40,26,-1.00349756197621,-0.785890263242174,-0.945771201961887,0.794016464647972,0,1,0,1,1,0,1
"1201",29,26,1.05603507374014,-0.137660600764398,-0.639484938988105,-1.29069423453888,0,0,0,0,0,1,1
"1202",33,26,0.520556588453891,-0.137660600764398,-0.814212001758384,0.812471999078816,0,1,0,0,0,1,1
"1203",38,26,0.990130029397219,-0.785890263242174,0.484935100251215,1.42805420048963,1,1,0,0,0,1,0
"1204",40,26,0.759462374196987,-0.785890263242174,-0.555204826357736,1.29503881137735,0,1,0,1,1,0,1
"1205",40,26,0.133364452939217,0.105425522664768,1.12011936373376,0.904636240461893,1,1,0,1,1,0,1
"1206",34,26,0.314603324882256,-1.75418332156835,-0.331143063511144,1.9128795882765,1,1,1,0,0,1,1
"1207",40,26,0.149840714024948,-0.704861555432452,-0.312642550982526,0.644197583283137,0,1,0,0,1,0,1
"1208",39,26,0.91598685451143,-0.984410597375993,2.0389781526551,-0.11217568532309,1,0,1,0,0,0,0
"1209",40,26,-1.63783361377684,-0.194380696231203,-0.945771201961887,0.607791355164294,0,1,0,1,1,0,1
"1210",40,26,0.775938635282718,-0.785890263242174,-0.390755826103356,1.22534001242829,0,1,0,0,0,1,1
"1211",39,26,0.940701246140026,0.226968584379351,-0.493536451262343,-1.69126692398929,0,0,0,0,0,0,1
"1212",30,26,0.874796201797103,-1.75418332156835,0.521936125308451,0.808143840111941,1,1,1,0,0,1,1
"1213",40,26,-1.74492931083409,1.68548532495435,-0.945771201961887,-1.33235980149734,0,0,0,0,1,0,1
"1214",39,26,0.998368159940084,-1.3895541364246,-0.170805288263123,0.514484808070159,1,0,1,0,0,1,1
"1215",37,26,1.07251133482587,-0.988462032766479,1.1160081387274,0.527210594756942,0,1,0,1,1,0,1
"1216",40,26,0.940701246140026,-1.75418332156835,-0.183138963282202,0.882160160971149,1,1,1,0,0,1,1
"1217",39,25,0.981891898854353,-1.75418332156835,1.3894046016503,1.76984659230281,1,1,1,0,0,1,0
"1218",40,26,-1.63783361377684,-0.194380696231203,-0.945771201961887,0.803700495163781,0,1,0,1,1,0,1
"1219",34,26,-1.58016669997679,0.267482938284212,-0.945771201961887,1.28759002692149,0,1,0,0,1,0,1
"1220",40,26,1.08074946536874,-1.75418332156835,0.780943300709099,0.840488992206142,1,1,1,0,0,1,1
"1221",39,25,0.586461632796814,-0.785890263242174,1.70802453964316,-0.00216215085077855,0,1,0,0,0,1,0
"1222",40,26,-1.08587886740486,0.226968584379351,-0.945771201961887,0.215058222659836,0,1,0,0,1,0,1
"1223",40,26,-1.20945082554784,-0.174123519278773,-0.945771201961887,0.377474258782681,0,1,0,1,1,0,1
"1224",35,25,-0.0149218968323604,-0.502289785908147,-0.419534401147873,1.24368960160157,0,1,0,1,1,0,0
"1225",40,25,0.174555105653544,-1.75418332156835,2.68444047865354,1.79992630175348,0,1,1,0,0,1,0
"1226",36,25,1.18784516242599,-1.3895541364246,0.614438687951539,0.00146127940752657,1,0,1,0,0,1,0
"1227",39,25,-1.27535586989077,0.0243968148550462,-0.945771201961887,0.221929457312392,0,1,0,1,1,0,0
"1228",39,25,-1.34949904477656,-0.137660600764398,-0.945771201961887,1.04045396298761,0,1,0,1,1,0,0
"1229",40,26,1.02308255156868,-1.75418332156835,1.85397302736893,1.08522214431015,0,1,1,0,0,0,1
"1230",39,25,-1.30007026151936,0.226968584379351,-0.945771201961887,-0.255749320931587,0,0,0,0,1,0,0
"1231",36,25,0.940701246140026,-1.75418332156835,0.542492250340248,1.66784475545674,0,1,1,0,0,1,0
"1232",39,25,-1.34126091423369,2.59705828781372,-0.945771201961887,-1.01722503746437,0,0,0,0,1,0,0
"1233",39,25,0.075697539139159,-0.704861555432452,0.373932025079509,0.317145448227132,1,1,0,1,1,0,0
"1234",39,25,0.70179546039693,-1.75418332156835,0.0388671870612106,1.81692550236796,0,1,1,0,0,1,0
"1235",39,25,0.693557329854064,-1.75418332156835,0.12314729969158,0.992984022105363,1,1,1,0,0,1,0
"1236",40,26,-1.67902426649117,-0.542804139813008,-0.945771201961887,-0.0562536105934584,0,1,0,1,0,1,1
"1237",39,25,0.883034332339968,-1.75418332156835,3.44090587982369,1.94533918542066,0,1,1,0,0,1,0
"1238",39,26,-1.63783361377684,-0.441518255050856,-0.945771201961887,0.641073230287776,0,1,0,1,1,0,0
"1239",40,25,1.09722572645447,-0.785890263242174,0.0799794371248055,-0.785934860882416,0,0,0,0,0,1,0
"1240",39,25,0.00155436425337042,-0.542804139813008,1.43257246421708,1.13488688009075,1,1,0,1,1,0,0
"1241",38,25,0.30636519433939,0.287740115236643,1.82725006482759,-1.19390315648817,0,0,0,0,0,1,0
"1242",39,25,-0.0561125495466874,-1.75418332156835,0.240317212372826,1.04211981431395,0,1,1,0,0,0,0
"1243",39,25,-2.13212144634877,-0.117403423811967,-0.945771201961887,0.712685945501536,0,1,0,1,1,0,0
"1244",34,25,1.25375020676891,0.226968584379351,-0.205750700817179,0.95929057282287,1,1,0,1,1,0,0
"1245",39,25,-1.21768895609071,-0.117403423811967,-0.945771201961887,-0.0176303690708294,0,0,0,0,1,0,0
"1246",31,25,0.388746499768044,-0.785890263242174,1.67719035209547,0.125279077071609,0,1,0,1,0,1,1
"1247",39,25,-2.18155022960596,1.21957025504845,-0.945771201961887,0.122050233405503,0,1,0,0,1,0,1
"1248",27,25,0.207507627825005,-0.401003901145994,-0.142026713218607,0.245883230572221,1,1,0,1,1,0,0
"1249",39,25,-1.39892782803375,-0.137660600764398,-0.945771201961887,1.22422774070656,0,1,0,1,1,0,1
"1250",40,25,0.619414154968276,-0.785890263242174,-0.606595138937229,0.504702213372032,1,1,0,0,1,0,0
"1251",39,25,-1.47307100291954,-0.380746724193564,-0.945771201961887,0.406063195943072,0,1,0,1,1,0,0
"1252",41,27,-1.20121269500498,0.226968584379351,-0.945771201961887,1.04360874951508,0,1,0,0,1,0,1
"1253",39,25,-1.90145379114854,0.368768823046365,-0.945771201961887,0.673522122578376,0,1,0,1,1,0,0
"1254",30,25,-1.48954726400527,-0.64409002457516,-0.945771201961887,0.0699245729776065,0,0,0,0,0,1,0
"1255",26,25,1.0889875959116,-1.75418332156835,-0.530537476319579,0.993406481393783,1,1,1,0,0,0,0
"1256",40,25,0.932463115597161,-1.75418332156835,1.28251275148496,0.88222513794998,0,1,1,0,0,1,1
"1257",39,25,1.09722572645447,-1.75418332156835,1.08106272617334,-0.441139085140738,0,1,1,0,0,0,0
"1258",34,25,-1.39068969749088,-0.194380696231203,-0.945771201961887,0.129573440801652,0,1,0,1,1,0,0
"1259",39,25,0.635890416054006,-1.75418332156835,2.29798532805575,0.957344877951062,1,1,1,0,0,1,1
"1260",41,25,-1.56369043889106,0.210762842817407,-0.945771201961887,0.0333421387227462,0,1,0,0,1,0,0
"1261",33,25,0.446413413568102,-0.174123519278773,0.092313112143884,0.0625444601347884,1,1,0,1,1,0,0
"1262",36,25,0.652366677139737,-0.785890263242174,-0.76487730168207,-0.751827855380794,1,0,0,0,0,0,1
"1263",39,25,0.899510593425699,-0.137660600764398,0.322541712500015,0.69048444852856,1,1,0,1,1,0,1
"1264",40,25,-1.78611996354842,-0.502289785908147,-0.945771201961887,0.841624249029469,0,1,0,1,1,0,1
"1265",40,25,0.100411930767755,-1.75418332156835,0.0697013746089068,0.0136117918088882,1,1,1,0,0,0,1
"1266",38,18,-0.138493854975341,2.43500087219428,0.754220338167762,-0.97751872956389,1,0,0,0,0,0,1
"1267",39,18,-0.113779463346745,1.70979393729726,0.166315162258355,-1.46213989360336,0,0,0,0,0,1,0
"1268",31,18,0.561747241168218,-0.785890263242174,-0.218084375836258,0.15482158938799,1,1,0,1,0,1,1
"1269",31,18,0.751224243654122,0.267482938284212,-0.425701238657412,-0.378370564731488,1,0,0,0,1,0,1
"1270",34,18,-1.16826017283352,-0.259203662478981,-0.945771201961887,0.142436551139237,0,1,0,1,1,0,1
"1271",39,18,-1.30007026151936,0.226968584379351,-0.945771201961887,0.351432752772818,0,1,0,1,1,0,1
"1272",39,17,-1.79435809409129,0.210762842817407,-0.945771201961887,0.735424226136805,0,1,0,1,1,0,0
"1273",38,19,-0.0149218968323604,-0.0971462468595369,0.563048375372046,0.280507092788105,1,1,0,1,1,0,0
"1274",40,18,-1.54721417780532,0.247225761331782,-0.945771201961887,0.811927404883501,0,1,0,1,1,0,1
"1275",18,17,0.289888933253659,-0.23894648552655,-0.454479813701928,-0.306825493456655,0,0,0,0,1,0,0
"1276",39,18,0.429937152482371,1.15879872419115,0.147814649729737,-1.39414981232473,0,0,0,0,0,0,1
"1277",34,17,-1.67078613594831,-0.482032608955717,-0.945771201961887,0.531032038784909,0,1,0,1,1,0,0
"1278",35,17,0.191031366739275,0.713140831237683,2.12531387778865,1.06504857277915,0,0,0,0,0,1,0
"1279",29,17,0.858319940711372,0.226968584379351,3.06884001674816,0.181414372178219,0,0,0,0,1,0,0
"1280",39,17,0.298127063796525,-0.579267058327383,0.330764162512734,1.03790778293914,1,1,0,1,1,0,0
"1281",20,17,0.907748723968565,-0.785890263242174,1.84780618985939,0.439231094930148,1,1,0,1,1,0,0
"1282",35,17,1.12194011808307,-0.785890263242174,2.54465882843732,1.43299435444057,0,1,0,1,0,1,0
"1283",38,17,0.314603324882256,0.125682699617199,-0.637429326484926,-0.788400948330822,1,0,0,0,0,0,0
"1284",27,17,1.1137019875402,-0.542804139813008,1.18178773882915,0.746238953199773,0,1,0,1,1,0,0
"1285",18,17,0.71827172148266,-0.579267058327383,1.92180823997386,0.970789634900806,0,1,0,0,0,1,0
"1286",19,17,0.495842196825295,0.814426715999836,0.842611675804491,-0.182743678789541,0,1,0,1,0,0,0
"1287",39,17,-1.74492931083409,-0.19843213162169,-0.945771201961887,0.744851314034769,0,1,0,1,1,0,0
"1288",39,17,1.23727394568318,-0.380746724193564,3.32373596714244,0.756587953033668,0,1,0,0,0,1,0
"1289",39,17,1.01484442102581,-0.482032608955717,-0.477091551236905,0.625507462689884,1,1,0,1,1,0,0
"1290",28,17,0.981891898854353,-0.421261078098425,2.65771751611221,0.362215824074763,0,0,0,0,0,1,0
"1291",40,18,-1.0282119536048,-0.113351988421481,-0.945771201961887,0.129144556121315,0,1,0,0,1,0,1
"1292",40,17,0.215745758367871,2.19191474876511,0.345153450034993,-1.80334963603103,1,0,0,0,1,0,0
"1293",26,17,0.281650802710794,-0.0161175390498148,-0.586039013905432,-0.376492888081768,1,0,0,0,0,1,0
"1294",40,17,-1.24240334771931,-0.380746724193564,-0.945771201961887,0.666225694396643,0,1,0,1,1,0,0
"1295",38,17,0.512318457911025,-0.137660600764398,0.630883587976977,0.733237562636699,1,1,0,1,1,0,0
"1296",40,17,-1.83554874680561,0.534877674056295,-0.945771201961887,0.316956179201808,0,1,0,0,1,0,1
"1297",39,17,-1.20121269500498,-0.542804139813008,-0.945771201961887,0.574234404608723,0,1,0,1,1,0,0
"1298",19,17,0.207507627825005,0.632112123427961,-0.0659690506009565,-0.160280396526572,0,0,0,0,0,1,1
"1299",37,17,0.0262687558819666,0.307997292189073,0.793276975728177,0.017717227331499,1,1,0,0,0,1,1
"1300",39,17,0.594699763339679,0.0243968148550462,1.2784015264786,0.838148995350116,1,1,0,1,1,0,0
"1301",28,17,-0.154970116061072,1.44645063691567,0.402710600124026,-1.75093900287485,1,0,0,0,0,0,1
"1302",40,17,-0.0643506800895528,-1.3895541364246,-0.296197650957088,0.0375080899922766,1,0,0,0,0,1,1
"1303",40,17,0.940701246140026,1.40188484762032,-0.450368588695569,-1.73695676285961,1,0,0,0,0,0,1
"1304",28,17,-1.2671177393479,-0.174123519278773,-0.945771201961887,0.103130361326639,0,1,0,1,1,0,1
"1305",39,17,0.965415637768622,-0.684604378480021,3.08322930427041,0.0167352562585955,0,1,0,1,1,0,0
"1306",40,17,-1.42364221966234,0.389025999998795,-0.945771201961887,0.939625538506075,0,1,0,1,1,0,1
"1307",19,17,0.874796201797103,-0.113351988421481,0.145759037226557,-0.211387327958409,1,0,0,0,1,0,0
"1308",39,17,0.265174541625063,-0.178174954669259,0.0902574996407042,-0.0959578308746663,1,1,0,1,1,0,1
"1309",40,17,0.948939376682892,-0.785890263242174,0.489046325257575,0.956200993189059,1,1,0,1,0,1,1
"1310",37,17,-1.39068969749088,-0.153866342326342,-0.945771201961887,-0.202669909138064,0,1,0,1,1,0,1
"1311",19,17,-1.7202149192055,0.0243968148550462,-0.945771201961887,0.614871825685589,0,1,0,1,1,0,1
"1312",40,17,0.487604066282429,0.5915977695231,0.887835150874445,0.305985263903023,1,1,0,1,1,0,1
"1313",40,17,-0.253827682575457,0.490311884760948,0.188926899793332,1.44528533583725,1,1,0,0,0,1,1
"1314",19,17,-1.39068969749088,1.09802719333386,-0.945771201961887,-1.33975014903105,0,0,0,0,0,0,1
"1315",27,17,-0.0231600273752258,0.0649111687599072,-0.242751725874414,-1.19390315648817,0,0,0,0,0,0,0
"1316",38,16,-0.303256465832649,1.88805709447865,2.42337769074972,-0.825886181880633,0,0,0,0,0,0,0
"1317",40,17,-0.187922638232534,1.68548532495435,0.400654987620846,-0.669800022868901,0,0,0,0,0,0,1
"1318",39,16,-1.47307100291954,-0.502289785908147,-0.945771201961887,-0.467381997636149,0,0,0,0,0,1,0
"1319",40,22,0.569985371711083,-0.785890263242174,0.262928949907803,1.22926517966459,0,1,0,0,0,1,1
"1320",40,22,1.00660629048295,-0.559009881374952,-0.19752825080446,0.185499885094471,1,1,0,1,0,1,1
"1321",40,22,1.04779694319728,-1.75418332156835,0.410933050136745,1.62166231899168,0,1,1,0,0,1,1
"1322",40,22,1.19608329296885,-0.502289785908147,-0.0433573130659792,0.404813975362006,1,1,0,1,1,0,1
"1323",40,22,-1.33302278369082,-0.64409002457516,-0.945771201961887,1.11007817413127,0,1,0,1,1,0,1
"1324",40,22,-0.970545039804747,-0.299718016383842,-0.945771201961887,0.637254233460622,0,1,0,1,1,0,1
"1325",40,22,0.866558071254238,-0.785890263242174,0.458212137709879,0.567960823326621,1,1,0,1,1,0,1
"1326",40,22,1.09722572645447,-0.785890263242174,0.832333613288592,0.280943365295036,0,1,0,1,1,0,1
"1327",39,22,0.569985371711083,-0.19843213162169,0.762442788180481,0.257152305471035,1,0,0,0,1,0,1
"1328",39,22,-1.88497753006281,-1.3895541364246,-0.945771201961887,1.77736941392311,0,1,1,0,0,1,1
"1329",36,22,-1.27535586989077,-0.785890263242174,-0.945771201961887,1.31631460008621,0,1,0,1,1,0,0
"1330",40,22,0.355793977596583,-0.23894648552655,-0.742265564147093,0.83382714959754,1,1,0,1,1,0,1
"1331",39,21,-1.24240334771931,-0.234895050136064,-0.945771201961887,0.393658926302545,0,1,0,1,1,0,0
"1332",30,22,0.660604807682603,-0.299718016383842,0.776832075702739,0.100454820953705,1,1,0,0,1,0,1
"1333",30,22,0.660604807682603,-0.299718016383842,0.776832075702739,0.100454820953705,1,1,0,0,1,0,1
"1334",40,22,0.850081810168507,-1.3895541364246,3.51696354244134,0.384548229488041,0,0,1,0,0,1,1
"1335",27,22,-1.24240334771931,-0.785890263242174,-0.945771201961887,0.965266306921879,0,1,0,1,1,0,1
"1336",39,22,-1.25887960880504,-0.137660600764398,-0.945771201961887,-0.761493997778121,0,0,0,0,0,0,0
"1337",39,21,0.347555847053717,-0.178174954669259,1.7244694396686,0.448624288094791,0,1,0,1,0,1,0
"1338",27,21,0.957177507225757,-0.340232370288703,-0.312642550982526,1.21287702200507,1,1,0,1,1,0,0
"1339",38,22,1.07251133482587,-1.75418332156835,-0.271530300918931,0.200453982668192,1,1,0,1,1,0,0
"1340",37,22,-1.44835661129094,-0.137660600764398,-0.945771201961887,0.467150746846883,0,1,0,0,0,0,1
"1341",38,22,-1.38245156694802,-0.299718016383842,-0.945771201961887,-0.0980768642201778,0,0,0,0,1,0,0
"1342",37,21,-1.86026313843421,0.474106143199003,-0.945771201961887,1.32013091403055,0,1,0,1,1,0,0
"1343",39,21,1.03132068211155,-1.75418332156835,3.73074724277203,1.80034966481026,0,1,1,0,0,1,0
"1344",28,22,0.660604807682603,-0.502289785908147,-0.156416000740865,0.571120866459559,1,1,0,1,1,0,1
"1345",33,21,0.50408032736816,-0.785890263242174,0.544547862843428,1.37176887431345,1,1,0,1,1,0,0
"1346",39,21,-1.13530765066205,-0.583318493717869,-0.945771201961887,0.259612338692229,0,0,0,0,1,0,0
"1347",28,21,0.248698280539332,1.30059896285817,0.538381025333889,-1.48158492498237,0,0,0,0,0,0,1
"1348",40,22,-0.896401864918958,-0.785890263242174,-0.945771201961887,0.0980482297640029,0,1,0,0,0,0,1
"1349",40,22,-0.896401864918958,-0.785890263242174,-0.945771201961887,0.0980482297640029,0,1,0,0,0,0,1
"1350",39,21,1.26198833731178,-0.137660600764398,1.85808425237529,0.87509342022092,1,1,0,1,1,0,0
"1351",39,21,-1.90145379114854,0.231020019769837,-0.945771201961887,0.86434843128662,0,1,0,1,1,0,0
"1352",39,21,0.751224243654122,0.105425522664768,0.164259549755175,-0.039964806193528,1,0,0,0,0,1,0
"1353",39,21,1.3278933816547,-1.75418332156835,0.622661137964258,0.414468387096901,1,1,1,0,0,0,0
"1354",39,21,0.981891898854353,0.226968584379351,-0.172860900766303,0.569361662174159,0,1,0,1,1,0,0
"1355",39,21,-2.04150201037725,-0.559009881374952,-0.945771201961887,0.76215818654815,0,1,0,1,1,0,0
"1356",39,21,1.08074946536874,-0.785890263242174,0.630883587976977,-0.453492050952144,0,0,0,0,0,0,0
"1357",36,21,1.26198833731178,-0.785890263242174,0.684329513059651,0.392219323702174,1,1,0,1,0,1,1
"1358",27,21,-1.16002204229065,0.0243968148550462,-0.945771201961887,0.490266357611877,0,1,0,0,1,0,1
"1359",40,21,-1.11883138957632,-0.0566318929546759,-0.945771201961887,0.211661544907064,0,1,0,1,1,0,1
"1360",39,21,-1.34126091423369,-0.380746724193564,-0.945771201961887,0.369773033377185,0,1,0,1,1,0,0
"1361",39,21,0.80889115745418,-1.75418332156835,0.649384100505595,1.76058450740674,0,1,1,0,0,1,1
"1362",39,21,-0.245589552032592,-0.603575670670299,1.64018932703823,0.863098605425114,0,1,0,1,0,1,1
"1363",27,21,-1.44835661129094,-0.704861555432452,-0.945771201961887,0.484690000595706,0,1,0,1,1,0,0
"1364",37,21,1.03132068211155,-0.785890263242174,0.271151399920522,0.830838150239748,1,1,0,1,0,1,0
"1365",39,21,-1.0282119536048,-0.178174954669259,-0.945771201961887,0.112267653675953,0,1,0,1,0,0,0
"1366",30,21,-0.089065071718149,0.18645423047449,0.655550938015134,0.813220494061981,0,1,0,1,1,0,1
"1367",40,21,-1.36597530586229,0.226968584379351,-0.945771201961887,0.785933141451248,0,1,0,0,1,0,1
"1368",39,21,0.248698280539332,0.267482938284212,1.80463832729261,-0.216642150982789,0,0,0,0,0,1,0
"1369",39,21,0.973653768311488,-0.785890263242174,2.87561244144926,0.546627597815746,0,1,0,0,0,1,0
"1370",40,21,-1.20945082554784,-0.785890263242174,-0.945771201961887,-0.437773424433148,0,1,0,1,0,0,1
"1371",39,21,-1.48954726400527,-0.482032608955717,-0.945771201961887,0.350507524241785,0,1,0,1,1,0,0
"1372",40,21,-0.278542074204053,0.393077435389281,0.341042225028633,0.679556950728927,0,0,0,0,1,0,0
"1373",28,21,-0.253827682575457,0.575392027961156,1.01939435107795,-0.352294174071821,0,0,0,0,0,1,1
"1374",26,21,0.660604807682603,-1.75418332156835,0.554825925359327,1.709337344016,0,1,1,0,0,1,1
"1375",30,21,0.981891898854353,0.226968584379351,0.902224438396704,0.983082652757014,0,1,0,0,1,0,1
"1376",25,21,-1.36597530586229,-0.178174954669259,-0.945771201961887,0.940125783532058,0,1,0,1,1,0,1
"1377",40,21,-1.82731061626275,0.0649111687599072,-0.945771201961887,0.368950454556152,0,1,0,1,1,0,1
"1378",33,21,-0.558638512661477,1.50317073238247,-0.456535426205108,-1.24318888215159,1,0,0,0,0,0,1
"1379",40,21,0.932463115597161,-1.3895541364246,0.242372824876005,0.187718986917026,1,0,1,0,0,1,1
"1380",32,21,-1.077640736862,-0.785890263242174,-0.945771201961887,-0.0703923197475089,0,1,0,1,1,0,1
"1381",36,21,0.833605549082776,-0.785890263242174,-0.468869101224187,0.997684729079463,0,1,0,1,0,1,0
"1382",37,21,-2.21450275177742,0.875198246857127,-0.945771201961887,0.2696077568345,0,1,0,0,1,0,0
"1383",34,21,0.841843679625641,-0.542804139813008,-0.152304775734506,-0.669800022868901,0,0,0,0,1,0,0
"1384",40,22,0.965415637768622,0.267482938284212,2.00608835260423,0.437441479976164,1,1,0,0,1,0,1
"1385",39,21,-1.84378687734848,-0.137660600764398,-0.945771201961887,0.732986430447547,0,1,0,1,1,0,0
"1386",40,21,0.850081810168507,-0.441518255050856,0.857000963326749,-0.126408005928517,1,0,0,0,1,0,1
"1387",40,21,0.602937893882545,-0.785890263242174,-0.435979301173311,0.971095892152956,1,1,0,1,1,0,1
"1388",40,21,-1.25064147826217,-0.785890263242174,-0.945771201961887,0.103893927491209,0,1,0,1,1,0,1
"1389",40,21,0.91598685451143,-0.704861555432452,-0.0721358881104956,1.7022185805193,1,1,0,0,0,1,1
"1390",32,20,0.149840714024948,-0.542804139813008,0.408877437633565,-0.316603060575533,0,0,0,0,0,1,0
"1391",36,21,-1.58016669997679,1.50317073238247,-0.945771201961887,-1.06096468915733,0,0,0,0,1,0,1
"1392",40,21,0.817129287997045,-0.137660600764398,3.62796661761305,0.652434490442326,1,1,0,1,1,0,1
"1393",39,21,-1.65430987486258,-0.174123519278773,-0.945771201961887,1.16414827567395,0,1,0,1,1,0,0
"1394",26,21,-1.41540408911948,-0.785890263242174,-0.945771201961887,-0.0597758390983994,0,1,0,1,1,0,1
"1395",38,20,-0.122017593889611,-1.3895541364246,0.110813624672502,-0.255749320931587,0,0,1,0,0,0,0
"1396",36,21,0.314603324882256,-0.137660600764398,-0.398978276116075,-0.825886181880633,1,0,0,0,1,0,1
"1397",39,21,-1.44835661129094,-0.502289785908147,-0.945771201961887,0.17195970102365,0,1,0,1,1,0,0
"1398",39,20,-1.22592708663357,-0.785890263242174,-0.945771201961887,-1.17782728172226,0,0,0,0,0,0,0
"1399",31,20,0.957177507225757,-0.785890263242174,-0.12147058818681,1.37202687956643,0,1,0,0,0,1,0
"1400",39,20,-1.32478465314796,-0.785890263242174,-0.945771201961887,0.644920592937453,0,1,0,1,1,0,0
"1401",39,21,0.924224985054295,-1.75418332156835,1.98142100256607,1.89181773244107,0,1,1,0,0,1,0
"1402",36,21,0.569985371711083,-0.502289785908147,1.54357553938878,0.722183998191175,1,1,0,1,1,0,0
"1403",40,21,-2.04150201037725,-0.64409002457516,-0.945771201961887,0.594434734491637,0,1,0,1,1,0,1
"1404",37,20,1.10546385699733,-0.785890263242174,0.702830025588268,1.1488815792294,0,1,0,1,1,0,0
"1405",39,20,-1.45659474183381,-0.137660600764398,-0.945771201961887,0.558279438821087,0,1,0,1,1,0,0
"1406",40,13,1.1384163791688,-0.785890263242174,1.33595867656763,0.505537257817193,0,1,0,1,1,0,1
"1407",37,14,0.232222019453602,0.210762842817407,-0.686764026561239,0.901624568812565,1,1,0,1,1,0,1
"1408",28,13,0.635890416054006,-0.785890263242174,0.785054525715458,0.728710751000075,0,1,0,1,0,1,1
"1409",40,13,0.635890416054006,-0.461775432003286,0.217705474837848,-0.696400644200824,0,1,0,1,0,0,1
"1410",24,13,0.891272462882834,0.429540353903656,0.380098862589048,-1.5722585055325,0,0,0,0,0,0,1
"1411",40,13,-0.921116256547555,-0.482032608955717,-0.945771201961887,-0.490119242249476,0,1,0,1,0,0,0
"1412",27,13,1.1137019875402,-0.785890263242174,-0.421590013651052,0.557513517645649,0,1,0,1,0,0,1
"1413",29,13,0.520556588453891,-0.421261078098425,0.119036074685221,0.0817575035312934,0,0,0,0,0,1,0
"1414",24,13,0.652366677139737,-0.785890263242174,0.52810296281799,0.873427740355228,0,1,0,1,1,0,1
"1415",17,13,0.850081810168507,1.5234279093349,-0.314698163485706,-1.51322988249267,1,0,0,0,1,0,1
"1416",31,13,1.04779694319728,1.3208561398106,0.982393326020714,-0.376492888081768,0,0,0,0,0,0,1
"1417",38,13,0.874796201797103,-0.157917777716828,1.38734898914712,-0.0339764318875361,0,0,0,0,1,0,0
"1418",39,13,-1.01997382306194,-0.380746724193564,-0.945771201961887,-0.749421001443562,0,0,0,0,0,1,1
"1419",32,13,-0.204398899318265,1.02104992091463,-0.283863975938009,-0.985939367624627,1,0,0,0,1,0,1
"1420",16,13,1.02308255156868,-0.785890263242174,1.21056631387367,0.49397246867167,1,1,0,1,0,1,1
"1421",40,13,0.281650802710794,-0.441518255050856,-0.396922663612895,-0.551420622655819,0,0,0,0,0,0,1
"1422",20,13,1.09722572645447,-0.579267058327383,0.52399173781163,0.838015171149648,1,1,0,1,0,1,1
"1423",36,13,0.158078844567813,0.97648413161928,-0.353754801046121,-0.927962154280383,1,0,0,0,0,0,1
"1424",28,13,-0.748115515147381,-0.360489547241133,-0.945771201961887,-0.886401661240709,0,0,0,0,1,0,1
"1425",28,13,-0.0396362884609566,-0.0525804575641897,0.466434587722598,-0.101573562287166,1,1,0,1,1,0,1
"1426",40,13,-1.44011848074807,0.267482938284212,-0.945771201961887,0.621030331306942,0,1,0,1,1,0,1
"1427",33,13,-0.262065813118322,0.980535567009766,-0.257141013396673,-1.00007945273978,0,0,0,0,0,0,0
"1428",18,12,0.273412672167929,0.980535567009766,0.156037099742456,-0.827506535049418,0,0,0,0,0,0,0
"1429",22,12,0.034506886424832,-0.482032608955717,1.19823263885459,-0.0469413422325203,0,1,0,1,0,1,0
"1430",23,13,-1.25064147826217,-0.380746724193564,-0.945771201961887,-0.00146015972913787,0,0,0,0,0,1,1
"1431",39,12,0.710033590939795,-0.259203662478981,0.842611675804491,-0.658438820156359,0,0,0,0,0,0,0
"1432",38,13,0.0262687558819666,0.226968584379351,-0.253029788390313,-1.35766549774553,0,0,0,0,0,0,1
"1433",13,12,1.03955881265441,0.875198246857127,-0.246862950880774,-0.3302974893659,1,0,0,0,1,0,0
"1434",26,12,-0.196160768775399,2.35802359977504,2.1006465277505,-0.97751872956389,0,0,0,0,0,1,0
"1435",32,12,0.339317716510852,0.672626477332822,-0.565482888873635,-2.73781011300414,0,0,0,0,0,0,0
"1436",22,12,0.578223502253948,0.16619705352206,-0.731987501631194,-1.29760495918449,1,0,0,0,0,1,0
"1437",26,12,0.512318457911025,0.226968584379351,1.4407949142298,-0.284914526231071,0,0,0,0,1,0,0
"1438",34,12,0.108650061310621,-0.356438111850647,0.341042225028633,0.306795382634957,0,1,0,0,0,1,0
"1439",35,12,1.03955881265441,-0.380746724193564,1.14067548876555,1.04276228098738,0,1,0,1,1,0,0
"1440",39,12,-1.2918321309765,0.226968584379351,-0.945771201961887,1.00371981619147,0,1,0,0,1,0,0
"1441",32,12,0.545270980082487,0.551083415618239,1.47985155179021,-1.85263536169444,0,0,0,0,0,0,0
"1442",39,12,0.265174541625063,0.247225761331782,0.0265335120421322,-0.9388343894785,0,0,0,0,0,1,0
"1443",39,12,0.726509852025526,1.62471379409706,-0.232473663358516,-1.29069423453888,0,0,0,0,1,0,0
"1444",39,12,0.108650061310621,-0.279460839431411,-0.612761976446769,0.214146436181994,1,1,0,1,0,1,0
"1445",39,12,-0.253827682575457,0.0689626041503932,-0.0269124130405413,1.03998602354728,1,1,0,1,1,0,0
"1446",39,12,-1.27535586989077,-0.234895050136064,-0.945771201961887,0.53357428119151,0,1,0,1,0,1,0
"1447",30,12,-1.25887960880504,-0.380746724193564,-0.945771201961887,0.917099159305758,0,1,0,1,1,0,0
"1448",39,12,-0.0725888106324182,0.733398008190114,0.44793407519398,0.989509319911623,0,1,0,1,0,1,0
"1449",39,12,0.948939376682892,-0.482032608955717,0.182760062283793,1.41973891693814,1,1,0,1,0,0,0
"1450",39,14,0.907748723968565,-0.421261078098425,-0.176972125772663,-0.0324830587268054,1,0,0,0,1,0,0
"1451",17,12,0.874796201797103,-0.785890263242174,-0.11735936318045,0.987360051571421,0,1,0,1,1,0,0
"1452",17,12,-1.62959548323398,2.23648053806046,-0.945771201961887,-1.33264337473894,0,0,0,0,0,1,0
"1453",39,12,0.825367418539911,-0.178174954669259,0.0882018871375244,-0.441139085140738,0,1,0,1,0,0,0
"1454",17,12,0.91598685451143,-0.559009881374952,0.217705474837848,1.33724542950958,0,1,0,1,0,1,0
"1455",38,12,-0.00668376628949498,-0.62383284762273,1.20234386386095,0.425778762631876,1,1,0,1,1,0,0
"1456",38,12,0.660604807682603,0.611854946475531,1.12217497623694,0.0188716666836627,0,0,0,0,0,1,0
"1457",38,12,0.578223502253948,-0.421261078098425,-0.561371663867275,0.233028649759903,0,1,0,1,1,0,0
"1458",39,12,0.668842938225468,-0.0768890699071064,0.0902574996407042,0.297812044826044,0,1,0,0,1,0,0
"1459",31,12,-0.270303943661188,0.206711407426921,-0.329087451007964,-0.00292301138974126,0,0,0,0,0,1,1
"1460",39,12,0.907748723968565,0.125682699617199,-0.470924713727366,0.227363737333459,1,1,0,1,1,0,0
"1461",18,12,-1.4813091334624,-0.684604378480021,-0.945771201961887,-0.101386032816217,0,1,0,1,0,1,1
"1462",28,12,0.833605549082776,-0.785890263242174,2.58577107850091,0.263049635106382,0,1,0,1,0,1,1
"1463",30,12,0.438175283025237,-0.0971462468595369,-0.528481863816399,-0.0171574979473002,1,1,0,0,0,1,1
"1464",29,13,0.39698463031091,-0.482032608955717,1.93208630248976,0.808587453022005,1,1,0,1,1,0,1
"1465",38,12,0.149840714024948,-0.340232370288703,-0.538759926332298,-0.489471746697972,1,0,0,0,0,1,0
"1466",18,12,0.998368159940084,0.632112123427961,-0.674430351542161,-0.783472812891098,1,0,0,0,1,0,0
"1467",31,12,0.924224985054295,0.530826238665809,-0.707320151593037,-0.295901224564183,1,1,0,1,1,0,1
"1468",27,12,0.710033590939795,0.267482938284212,1.42640562670754,-0.378370564731488,0,0,0,0,0,0,1
"1469",28,12,0.858319940711372,1.73005111424969,0.731608600632785,-1.7936834936337,1,0,0,0,0,1,1
"1470",37,12,-0.0973032022610144,4.16091234854135,0.281429462436421,-0.321226369724015,0,0,0,0,0,1,1
"1471",40,12,1.1137019875402,-0.785890263242174,2.09859091524732,0.551088621404111,0,1,0,1,0,1,1
"1472",21,12,0.39698463031091,2.33776642282261,-0.52025941380368,-2.0896229271809,1,0,0,0,0,1,1
"1473",34,12,0.158078844567813,2.21622336110803,1.72035821466224,-1.85765399728384,0,0,0,0,1,0,1
"1474",29,12,-1.9096919216914,0.75770662053303,-0.945771201961887,0.257989168589407,0,1,0,1,0,1,0
"1475",19,12,0.981891898854353,-0.380746724193564,0.489046325257575,0.349998405683273,0,1,0,1,1,0,1
"1476",30,12,-0.286780204746919,2.02985733314567,0.799443813237716,-1.4037825983204,0,0,0,0,1,0,0
"1477",39,20,-1.25887960880504,-0.19843213162169,-0.945771201961887,-0.0215372426288624,0,1,0,1,1,0,0
"1478",39,20,-0.888163734376093,-0.137660600764398,-0.945771201961887,0.781944579648363,0,1,0,1,1,0,0
"1479",34,20,1.37732216491189,-0.785890263242174,0.116980462182041,0.792258415710772,0,1,0,1,1,0,0
"1480",39,20,-1.53897604726246,-0.441518255050856,-0.945771201961887,0.732376363245706,0,1,0,1,1,0,0
"1481",33,20,1.15489264025453,-0.785890263242174,0.0861462746343448,-1.3685181077997,0,0,0,0,0,0,0
"1482",36,20,-0.220875160403995,0.672626477332822,0.0100886120166942,0.0402979511378805,0,0,0,0,0,1,0
"1483",24,20,-1.18473643391925,-0.137660600764398,-0.945771201961887,0.804692841761989,0,1,0,1,1,0,0
"1484",39,20,-1.11059325903346,0.0243968148550462,-0.945771201961887,-0.140134858981516,0,1,0,0,1,0,0
"1485",39,20,-2.23097901286315,1.07777001638143,-0.945771201961887,-1.05211433996026,0,0,0,0,1,0,0
"1486",30,20,0.866558071254238,-0.704861555432452,-0.456535426205108,0.499514557494212,1,1,0,1,1,0,0
"1487",26,20,0.71827172148266,-0.785890263242174,0.373932025079509,0.415709612842183,0,1,0,1,0,0,1
"1488",39,20,-0.0149218968323604,1.13854154723872,-0.509981351287781,-1.19390315648817,1,0,0,0,0,0,0
"1489",35,20,-1.40716595857661,-0.502289785908147,-0.945771201961887,0.542723491821784,0,1,0,0,1,0,0
"1490",40,20,-2.04974014092011,-0.19843213162169,-0.945771201961887,0.0752692588228692,0,1,0,1,1,0,1
"1491",39,20,0.775938635282718,-0.785890263242174,1.16945406381007,-0.0794818233999254,0,0,0,0,1,0,0
"1492",39,20,-1.38245156694802,-0.0971462468595369,-0.945771201961887,0.903451515287553,0,1,0,1,1,0,0
"1493",39,20,0.751224243654122,-0.137660600764398,0.209483024825129,0.476201357925607,0,1,0,1,0,1,0
"1494",38,20,1.14665450971166,-0.380746724193564,0.324597325003195,-0.15625556222726,1,1,0,1,1,0,0
"1495",39,20,0.166316975110678,0.267482938284212,-0.660041064019903,-0.914803649215698,1,0,0,0,1,0,0
"1496",35,20,0.569985371711083,-0.137660600764398,-0.581927788899072,-0.551420622655819,0,0,0,0,1,0,1
"1497",24,20,0.298127063796525,0.145939876569629,3.09350736678631,0.438402026083851,1,1,0,0,0,1,1
"1498",39,20,-1.63783361377684,-0.396952465755508,-0.945771201961887,0.635417662663796,0,1,0,1,1,0,0
"1499",39,20,0.298127063796525,-0.336180934898217,-0.5182038013005,-1.35047371386911,1,0,0,0,0,0,0
"1500",39,20,0.998368159940084,0.0243968148550462,0.579493275397484,0.209121699823805,0,1,0,0,1,0,0
"1501",33,20,-1.36597530586229,-0.785890263242174,-0.945771201961887,0.509497395903582,0,1,0,1,1,0,0
"1502",39,20,0.990130029397219,-0.785890263242174,0.552770312856147,0.234379058601789,1,1,0,1,0,0,0
"1503",39,20,-1.53897604726246,-0.599524235279813,-0.945771201961887,0.528855417466567,0,1,0,1,1,0,0
"1504",39,20,0.19926949728214,-0.704861555432452,0.748053500658223,0.458906672222632,1,1,0,0,1,0,1
"1505",39,20,-1.61311922214825,-0.137660600764398,-0.945771201961887,0.459724510965873,0,1,0,1,1,0,0
"1506",26,20,0.322841455425121,-0.380746724193564,0.589771337913382,0.722039439996972,0,1,0,0,0,1,0
"1507",39,20,1.04779694319728,-0.785890263242174,-0.479147163740085,0.731119562315022,0,1,0,1,1,0,1
"1508",35,20,-1.52249978617673,-0.137660600764398,-0.945771201961887,1.03130276295373,0,1,0,1,1,0,0
"1509",39,19,0.932463115597161,-0.785890263242174,1.18384335133233,0.723412181838683,1,1,0,1,0,1,0
"1510",40,20,-1.48954726400527,-0.153866342326342,-0.945771201961887,-0.194401681591705,0,1,0,1,1,0,1
"1511",32,19,-1.47307100291954,-0.279460839431411,-0.945771201961887,0.561540310213013,0,1,0,1,0,1,0
"1512",38,19,1.05603507374014,-0.542804139813008,-0.228362438352156,0.770510016947749,0,1,0,1,0,1,0
"1513",39,19,0.289888933253659,0.611854946475531,-0.76282168917889,0.671280837860744,1,1,0,0,0,1,0
"1514",38,19,0.742986113111257,-0.785890263242174,-0.526426251313219,0.0289353673470668,1,0,0,0,0,1,0
"1515",39,19,1.23727394568318,-0.178174954669259,0.139592199717018,-1.29760495918449,1,0,0,0,0,0,0
"1516",39,19,0.891272462882834,0.00413963790261568,1.69980208963045,0.706089082952761,1,0,0,0,1,0,0
"1517",25,19,-1.16002204229065,-0.178174954669259,-0.945771201961887,0.203161637259633,0,1,0,1,1,0,0
"1518",26,19,0.71827172148266,-0.785890263242174,-0.226306825848976,-0.778560782497866,1,0,0,0,0,0,0
"1519",28,19,0.388746499768044,0.226968584379351,-0.35992163855566,0.455458250950661,0,1,0,0,1,0,0
"1520",39,19,0.990130029397219,0.267482938284212,-0.386644601096997,0.326155416764854,1,1,0,0,1,0,0
"1521",35,19,0.644128546596872,-0.380746724193564,3.21273289197074,1.3810759007223,0,1,0,1,0,1,0
"1522",39,19,-1.58840483051965,-0.137660600764398,-0.945771201961887,0.241361789329953,0,1,0,1,1,0,0
"1523",39,19,-0.921116256547555,-0.785890263242174,-0.945771201961887,-0.0617226765277048,0,1,0,1,0,1,0
"1524",24,19,-1.077640736862,-0.542804139813008,-0.945771201961887,0.559850371111382,0,1,0,0,0,1,0
"1525",39,19,1.04779694319728,-0.785890263242174,0.748053500658223,-0.609445209927277,0,0,0,0,1,0,0
"1526",36,19,-0.171446377146803,0.0284482502455321,0.0553120870866486,-0.600706348319232,1,0,0,0,1,0,0
"1527",31,19,0.50408032736816,0.226968584379351,0.577437662894304,-0.6652452316179,0,0,0,0,0,0,0
"1528",23,20,0.108650061310621,-0.401003901145994,-0.660041064019903,-0.30017579364843,1,1,0,0,0,0,1
"1529",24,19,-1.77788183300556,-0.174123519278773,-0.945771201961887,-0.642676039383905,0,0,0,0,0,1,0
"1530",36,19,-0.0231600273752258,-0.538752704422522,-0.0536353755818779,-0.739831942046462,0,0,0,0,0,1,1
"1531",23,20,0.108650061310621,-0.401003901145994,-0.660041064019903,-0.30017579364843,1,1,0,0,0,0,1
"1532",39,20,-1.85202500789134,0.170248488912546,-0.945771201961887,0.321397712611507,0,1,0,1,1,0,0
"1533",39,19,-1.67078613594831,-0.482032608955717,-0.945771201961887,0.279003406374951,0,1,0,1,1,0,0
"1534",36,19,-1.09411699794773,-0.785890263242174,-0.945771201961887,-0.382132969606194,0,0,0,0,1,0,0
"1535",39,19,-1.03645008414767,-0.178174954669259,-0.945771201961887,0.320831438601559,0,0,0,0,1,0,0
"1536",33,19,-1.56369043889106,0.814426715999836,-0.945771201961887,-1.04039435884538,0,0,0,0,0,0,0
"1537",39,19,0.775938635282718,0.0243968148550462,-0.0371904755564399,-1.00577294425425,1,0,0,0,0,0,1
"1538",39,19,0.825367418539911,0.636163558818447,-0.253029788390313,-1.0909687130295,1,0,0,0,1,0,1
"1539",37,19,-1.36597530586229,0.226968584379351,-0.945771201961887,0.0629927727061902,0,1,0,0,0,1,0
"1540",31,19,-1.12706952011919,-0.137660600764398,-0.945771201961887,0.881185169069486,0,1,0,1,1,0,1
"1541",39,19,1.22079768459745,-0.178174954669259,1.46957348927431,0.420045848888678,1,1,0,1,1,0,0
"1542",31,19,-1.19297456446211,0.226968584379351,-0.945771201961887,-0.142060239213999,0,1,0,0,1,0,0
"1543",39,19,-1.19297456446211,0.226968584379351,-0.945771201961887,0.432804770751295,0,1,0,0,1,0,0
"1544",25,19,-0.10554133280388,1.99339441463129,0.60621623793882,-0.359698523836288,1,0,0,0,0,0,1
"1545",40,19,-1.27535586989077,-0.785890263242174,-0.945771201961887,0.0815914876672033,0,1,0,1,1,0,0
"1546",39,6,-1.52249978617673,0.672626477332822,-0.945771201961887,0.157770457973525,0,1,0,1,0,0,0
"1547",29,6,-0.237351421489726,0.429540353903656,1.03583925110339,-1.06096468915733,0,0,0,0,0,0,0
"1548",20,6,1.09722572645447,0.0446539918074767,-0.528481863816399,-2.06772737240614,1,0,0,0,0,0,0
"1549",26,6,-0.0149218968323604,0.0243968148550462,0.176593224774254,0.364051366922481,0,0,0,0,1,0,0
"1550",23,6,-0.229113290946861,2.1959661841556,0.392432537608127,-2.30522039330371,0,0,0,0,0,0,0
"1551",39,6,0.158078844567813,-0.23894648552655,-0.0577466005882374,-0.305178203884755,0,1,0,1,0,1,0
"1552",38,6,0.41346089139664,-0.259203662478981,-0.491480838759164,0.480069635251178,1,1,0,0,0,1,0
"1553",41,6,0.314603324882256,0.16619705352206,0.698718800581909,-0.129589128729944,0,0,0,0,0,0,1
"1554",28,6,-0.146731985518207,1.01699848552414,-0.146137938224967,-1.4817415039671,1,0,0,0,0,1,1
"1555",38,6,1.26198833731178,-0.437466819660369,0.20742741232195,0.993436652514202,0,1,0,1,1,0,0
"1556",17,6,0.751224243654122,0.470054707808517,-0.557260438860916,-2.05048343609594,0,0,0,0,0,0,0
"1557",32,6,-1.25887960880504,0.0243968148550462,-0.945771201961887,-0.103262381215627,0,1,0,0,1,0,0
"1558",32,6,0.734747982568391,0.409283176951226,0.330764162512734,-0.644917769795902,0,0,0,0,0,1,0
"1559",14,6,-0.418590293432765,2.7186013495283,-0.269474688415751,-0.363414421804554,1,0,0,0,1,0,0
"1560",19,6,0.825367418539911,-0.360489547241133,2.46860116581967,0.148959356210784,0,1,0,1,0,1,1
"1561",36,6,-0.295018335289784,1.74625685581164,-0.462702263714647,-1.46600882743224,1,0,0,0,0,0,1
"1562",15,6,-0.303256465832649,1.9893429792408,-0.546982376345017,-1.81307834289225,0,0,0,0,0,1,1
"1563",37,6,0.462889674653833,-0.684604378480021,-0.672374739038981,1.30365402536867,0,1,0,1,1,0,1
"1564",9,6,-1.24240334771931,-0.684604378480021,-0.945771201961887,1.17458832988526,0,1,0,1,1,0,1
"1565",32,6,0.70179546039693,0.125682699617199,-0.378422151084278,-1.57442204900678,0,0,0,0,0,0,1
"1566",34,6,-1.25887960880504,0.0243968148550462,-0.945771201961887,-0.103262381215627,0,1,0,0,1,0,0
"1567",19,6,-1.64607174431971,-0.157917777716828,-0.945771201961887,-0.168101148486027,0,1,0,0,1,0,0
"1568",8,6,0.116888191853486,2.07037168705053,-0.146137938224967,-1.32910254869011,0,0,0,0,0,1,0
"1569",23,6,-1.06940260631913,-0.279460839431411,-0.945771201961887,0.935711632487049,0,1,0,0,1,0,0
"1570",40,6,0.660604807682603,0.267482938284212,0.408877437633565,0.279148990176956,1,0,0,0,0,1,1
"1571",35,6,1.00660629048295,1.15879872419115,-0.479147163740085,-2.13875223680145,1,0,0,0,0,0,0
"1572",17,6,0.800653026911314,-0.137660600764398,-0.351699188542941,1.41297581422925,0,1,0,1,1,0,1
"1573",39,6,1.04779694319728,0.00413963790261568,-0.333198676014323,-1.25998324639707,1,0,0,0,0,0,1
"1574",30,6,1.02308255156868,-0.684604378480021,0.324597325003195,0.9868449816833,0,1,0,1,1,0,0
"1575",40,6,1.39379842599762,-0.117403423811967,-0.0413017005627995,-0.129461754469233,0,1,0,1,0,0,1
"1576",14,6,1.02308255156868,0.267482938284212,0.828222388282233,-1.00406263119739,0,0,0,0,0,0,0
"1577",35,6,0.141602583482082,2.84014441124289,1.49629645181565,-2.05322920631475,0,0,0,0,0,0,0
"1578",40,6,-1.36597530586229,0.251277196722268,-0.945771201961887,0.143233532350206,0,1,0,1,1,0,1
"1579",28,6,0.767700504739853,-0.117403423811967,1.95469804002473,0.14004306885502,0,1,0,1,1,0,0
"1580",22,6,-0.245589552032592,3.22908220872955,-0.265363463409392,-2.62044712117491,0,0,0,0,0,0,0
"1581",38,6,0.627652285511141,-0.583318493717869,0.871390250849008,0.262117431610263,0,1,0,1,1,0,0
"1582",32,6,0.635890416054006,0.18645423047449,0.68844073806601,0.176642521089281,0,1,0,1,0,0,0
"1583",39,6,-0.0725888106324182,1.64497097104949,-0.00635628800874385,-1.56727756660135,0,0,0,0,1,0,1
"1584",11,6,0.973653768311488,0.0689626041503932,0.412988662639924,-0.19799677202341,0,0,0,0,1,0,1
"1585",29,6,1.03955881265441,-0.741324473946827,0.0984799496534232,1.32947270695528,0,1,0,1,1,0,0
"1586",22,6,0.116888191853486,0.393077435389281,-0.460646651211468,0.478328017159563,0,1,0,0,0,1,1
"1587",40,7,-1.45659474183381,-0.263255097869467,-0.945771201961887,-0.0421865655264945,0,1,0,1,1,0,0
"1588",38,6,0.207507627825005,0.267482938284212,0.295818749958679,1.37348026329918,0,1,0,1,1,0,1
"1589",39,6,0.108650061310621,0.510569061713378,1.21056631387367,-0.0794818233999254,0,0,0,0,1,0,0
"1590",40,6,-1.34126091423369,-0.684604378480021,-0.945771201961887,0.157717850306347,0,1,0,1,1,0,1
"1591",26,6,-1.17649830337638,-0.684604378480021,-0.945771201961887,0.417259705019342,0,1,0,0,1,0,1
"1592",32,6,0.207507627825005,0.854941069904697,0.497268775270294,-1.63821153501804,0,0,0,0,0,0,1
"1593",39,6,1.14665450971166,-0.421261078098425,0.509602450289372,0.899666952622608,1,1,0,1,1,0,0
"1594",16,6,-1.76964370246269,0.0851683457123378,-0.945771201961887,0.665550388890891,0,1,0,1,1,0,1
"1595",39,6,1.07251133482587,-0.19843213162169,0.0512008620802891,-0.445612190374812,0,0,0,0,0,1,1
"1596",27,6,0.866558071254238,-0.19843213162169,-0.538759926332298,-0.609445209927277,1,0,0,0,0,1,0
"1597",30,6,0.940701246140026,-0.684604378480021,0.641161650492876,0.873264339008938,0,1,0,1,1,0,1
"1598",39,6,-0.253827682575457,3.45191115520629,-0.396922663612895,-1.71393824312863,0,0,0,0,1,0,1
"1599",8,6,1.03955881265441,-0.684604378480021,0.634994812983337,0.870974853028287,0,1,0,1,1,0,0
"1600",27,6,1.06427320428301,-0.21868930857412,0.279373849933241,-0.127298041883838,1,1,0,1,0,1,1
"1601",18,6,-1.44011848074807,-0.421261078098425,-0.945771201961887,-0.0263459627669763,0,1,0,1,1,0,1
"1602",25,6,0.998368159940084,-0.684604378480021,-0.0310236380469008,0.737607713124512,0,1,0,0,0,0,1
"1603",40,6,1.26198833731178,0.5915977695231,-0.814212001758384,0.447800385606367,1,1,0,0,0,1,1
"1604",32,6,0.561747241168218,0.267482938284212,-0.35992163855566,-1.62954822594777,0,0,0,0,0,0,0
"1605",40,6,-0.278542074204053,4.76457622172378,-0.12147058818681,-2.43231690894099,1,0,0,0,0,1,1
"1606",28,6,1.25375020676891,0.00413963790261568,-0.0926920131422931,-1.35766549774553,1,0,0,0,0,0,0
"1607",13,6,0.627652285511141,0.0649111687599072,-0.703208926586678,-0.587692587694866,0,0,0,0,0,1,1
"1608",37,6,-0.220875160403995,2.35397216438455,1.65868983956685,-0.971931065275301,0,0,0,0,1,0,0
"1609",18,6,1.0889875959116,0.0851683457123378,0.52604735031481,-0.00978814368123886,0,1,0,1,0,1,1
"1610",30,6,0.792414896368449,-0.137660600764398,-0.540815538835478,0.742713979920445,0,1,0,0,0,1,1
"1611",28,6,0.685319199311199,-0.137660600764398,-0.285919588441189,-0.697422484083754,0,0,0,0,0,1,1
"1612",18,6,1.03132068211155,-0.421261078098425,0.190982512296512,0.871662065067192,0,1,0,1,0,1,1
"1613",12,6,0.660604807682603,0.247225761331782,-0.462702263714647,-2.06195738465782,1,0,0,0,0,0,1
"1614",32,6,0.471127805196698,0.0649111687599072,-0.255085400893493,-0.549313993071133,1,0,0,0,1,0,0
"1615",40,6,-1.48954726400527,0.506517626322892,-0.945771201961887,-0.170062711270029,0,1,0,1,0,0,1
"1616",11,6,0.215745758367871,1.95288006072643,0.622661137964258,-1.22328024722315,0,0,0,0,0,1,1
"1617",26,6,0.660604807682603,-0.137660600764398,-0.333198676014323,-0.586224778211264,0,1,0,1,0,0,1
"1618",39,6,-1.89321566060567,-0.437466819660369,-0.945771201961887,0.664536861412433,0,1,0,1,1,0,1
"1619",27,6,-0.220875160403995,2.1351946532983,-0.731987501631194,-2.29173976516118,1,0,0,0,0,0,1
"1620",15,6,1.25375020676891,0.0649111687599072,1.01528312607159,-0.549313993071133,0,0,0,0,0,0,1
"1621",30,6,-2.25569340449175,0.105425522664768,-0.945771201961887,-0.123487307240711,0,1,0,1,1,0,1
"1622",40,6,0.998368159940084,0.00413963790261568,-0.507925738784602,-1.21998762824463,0,0,0,0,0,1,1
"1623",40,6,0.850081810168507,0.0851683457123378,-0.300308875963447,0.686678104867798,1,1,0,1,0,1,1
"1624",32,6,0.644128546596872,0.368768823046365,-0.335254288517503,-0.81831397461835,1,0,0,0,0,1,1
"1625",40,6,0.075697539139159,1.04130709786706,0.388321312601767,-1.45443177433822,1,0,0,0,0,0,1
"1626",36,5,1.03955881265441,-0.0363747160022454,0.20331618731559,0.0130905827777277,0,0,0,0,0,1,0
"1627",34,5,0.108650061310621,1.88805709447865,0.499324387773474,-1.83767921876751,0,0,0,0,0,1,0
"1628",25,6,-0.0725888106324182,2.00960015619324,0.622661137964258,-1.95633716439077,0,0,0,0,0,0,1
"1629",9,6,0.734747982568391,-0.174123519278773,0.322541712500015,0.132251201010034,1,1,0,1,0,1,0
"1630",39,6,0.948939376682892,-0.0687861991261342,0.863167800836288,0.742713979920445,0,1,0,0,0,1,0
"1631",39,6,0.792414896368449,-0.259203662478981,0.458212137709879,-0.460143208455244,0,1,0,1,0,0,0
"1632",39,6,0.116888191853486,1.38162767066789,0.201260574812411,-1.2036318633494,0,0,0,0,0,0,0
"1633",40,7,0.569985371711083,0.0446539918074767,-0.129693038199529,0.216728396031231,0,1,0,1,1,0,1
"1634",39,6,1.03132068211155,-0.299718016383842,-0.454479813701928,-0.963588324360715,1,0,0,0,0,1,0
"1635",39,6,0.710033590939795,-0.684604378480021,0.986504551027073,0.414157920439801,0,1,0,1,1,0,0
"1636",15,6,0.00979249479623583,2.57680111086129,0.0285891245453118,-2.28184136530279,0,0,0,0,0,0,0
"1637",21,6,0.693557329854064,-0.542804139813008,0.199204962309231,0.399985804059143,0,1,0,1,1,0,0
"1638",35,6,0.957177507225757,0.267482938284212,0.877557088358547,-1.11053448827029,0,0,0,0,0,0,0
"1639",9,6,0.883034332339968,-0.0363747160022454,-0.417478788644693,-0.296114664551661,0,0,0,0,1,0,0
"1640",20,6,0.569985371711083,-0.401003901145994,-0.263307850906212,-0.547210311884309,1,0,0,0,0,1,0
"1641",13,6,0.726509852025526,1.40188484762032,-0.253029788390313,-2.04477914096635,1,0,0,0,0,1,1
"1642",25,6,-0.122017593889611,2.8644530235858,0.750109113161403,-2.10282032741024,0,0,0,0,0,0,0
"1643",21,6,0.289888933253659,1.64902240643997,0.219761087341028,-1.15876047261399,0,0,0,0,0,1,0
"1644",41,6,0.41346089139664,2.27699489196532,-0.123526200689989,-2.20694487795427,0,0,0,0,0,1,0
"1645",36,6,-0.163208246603938,1.5234279093349,-0.701153314083498,-1.44676298238324,0,0,0,0,0,0,0
"1646",40,7,-1.11883138957632,-0.21868930857412,-0.945771201961887,0.500855022406759,0,1,0,1,1,0,1
"1647",38,6,0.775938635282718,0.105425522664768,-0.244807338377594,-1.02876505547518,0,0,0,0,0,0,0
"1648",34,6,-0.0561125495466874,1.84754274057379,-0.160527225747225,-1.41272952927637,0,0,0,0,0,1,0
"1649",31,6,0.512318457911025,0.409283176951226,0.182760062283793,-1.61664617280089,0,0,0,0,1,0,0
"1650",39,6,0.462889674653833,-0.153866342326342,-0.415423176141513,0.75990437614488,0,1,0,1,1,0,0
"1651",7,6,0.660604807682603,0.267482938284212,-0.407200726128794,0.191735991880567,0,0,0,0,1,0,0
"1652",28,6,0.314603324882256,0.555134851008725,0.415044275143104,-0.785934860882416,0,0,0,0,0,0,0
"1653",39,6,0.973653768311488,0.206711407426921,0.536325412830709,-0.361555324520386,1,0,0,0,0,1,0
"1654",22,6,0.347555847053717,1.13854154723872,-0.234529275861696,-2.11065197673263,0,0,0,0,0,0,0
"1655",38,6,-2.13212144634877,0.267482938284212,-0.945771201961887,0.907833535838281,0,1,0,1,1,0,0
"1656",14,6,0.30636519433939,0.7374494435806,0.468490200225777,-0.941564780715465,0,0,0,0,0,0,0
"1657",8,6,0.91598685451143,-0.684604378480021,0.480823875244856,1.58779262241673,0,1,0,0,0,1,0
"1658",7,6,0.355793977596583,-0.157917777716828,-0.113248138174091,0.095253941752208,1,1,0,1,0,0,0
"1659",25,7,0.487604066282429,0.940021213104905,1.90330772744524,-1.33619256165987,0,0,0,0,0,0,0
"1660",8,7,1.24551207622605,0.125682699617199,-0.339365513523863,0.333053196902997,0,1,0,1,0,0,1
"1661",39,6,-0.187922638232534,1.51532503855393,-0.0515797630786983,-1.87789780446534,1,0,0,0,0,0,0
"1662",39,6,-0.229113290946861,3.71525445558788,0.836444838294952,-2.14482529541734,1,0,0,0,0,0,0
"1663",11,6,0.61117602442541,1.96908580228837,-0.0577466005882374,-2.03909641222143,1,0,0,0,0,0,0
"1664",17,6,1.31965525111183,-0.137660600764398,-0.544926763841837,-0.667156563082283,0,0,0,0,0,0,0
"1665",38,6,0.100411930767755,2.55654393390886,0.947447913466658,-2.40312997317656,0,0,0,0,0,1,0
"1666",40,7,-1.54721417780532,-0.563061316765438,-0.945771201961887,0.544025987538151,0,1,0,1,1,0,1
"1667",36,7,0.0509831475105628,2.58085254625178,0.0655901496025473,-2.53128956259932,1,0,0,0,0,0,0
"1668",32,8,-0.0725888106324182,1.56394226323976,1.42435001420436,-0.623180103657427,0,0,0,0,0,0,1
"1669",39,7,-1.57192856943392,0.182402795084004,-0.945771201961887,0.0268706179608894,0,1,0,1,1,0,0
"1670",12,6,0.50408032736816,0.368768823046365,-0.111192525670911,-1.74626378926846,1,0,0,0,0,1,0
"1671",9,7,-0.608067295918669,3.65448292473059,-0.483258388746445,-2.53728233505148,1,0,0,0,0,0,1
"1672",33,7,-1.44835661129094,-0.19843213162169,-0.945771201961887,-0.0220707857792189,0,0,0,0,1,0,1
"1673",40,7,1.17960703188312,0.956226954666849,-0.509981351287781,-1.84763342708631,1,0,0,0,0,0,1
"1674",21,6,0.973653768311488,2.29320063352726,-0.331143063511144,-2.24861403411314,0,0,0,0,1,0,0
"1675",25,6,1.17960703188312,-0.684604378480021,0.410933050136745,0.594946113293345,1,1,0,0,1,0,0
"1676",11,7,0.940701246140026,0.206711407426921,-0.275641525925291,-0.229996321519749,1,0,0,0,0,1,1
"1677",12,7,1.09722572645447,-0.421261078098425,1.46751787677113,1.30637599751051,0,1,0,1,1,0,1
"1678",39,6,0.569985371711083,1.15879872419115,-0.612761976446769,-2.11470244432837,1,0,0,0,0,0,0
"1679",34,6,0.981891898854353,0.247225761331782,-0.588094626408612,-1.11212550250623,0,0,0,0,0,1,0
"1680",11,7,0.907748723968565,-0.23894648552655,-0.452424201198749,1.06017905679907,1,1,0,1,1,0,1
"1681",29,7,-1.11883138957632,0.00413963790261568,-0.945771201961887,0.535744084725635,0,0,0,0,1,0,1
"1682",26,6,0.660604807682603,1.29654752746768,-0.0207455755310021,-2.16936592156966,0,0,0,0,0,1,0
"1683",40,7,1.17960703188312,0.470054707808517,-0.172860900766303,-2.2850445204045,1,0,0,0,1,0,1
"1684",31,7,-0.295018335289784,1.80702838666893,1.3996826641662,-1.11518988677381,0,0,0,0,0,0,1
"1685",28,7,1.16313077079739,-0.0363747160022454,0.567159600378405,-0.718477644968797,0,0,0,0,0,1,1
"1686",32,7,0.462889674653833,0.5915977695231,-0.493536451262343,-1.31502207136477,1,0,0,0,1,0,0
"1687",40,7,0.759462374196987,0.980535567009766,0.28965191244914,-1.24653277666229,1,0,0,0,1,0,1
"1688",8,6,1.22079768459745,0.328254469141504,0.269095787417342,0.697664340745738,0,1,0,1,0,1,0
"1689",11,6,0.61117602442541,1.3208561398106,-0.0968032381486525,-1.61442103551424,0,0,0,0,0,1,0
"1690",25,7,0.545270980082487,-0.684604378480021,0.822055550772693,1.53119403851307,0,1,0,1,1,0,1
"1691",18,7,-1.89321566060567,-0.0768890699071064,-0.945771201961887,-0.0512274939951561,0,1,0,1,1,0,0
"1692",40,7,0.075697539139159,-0.563061316765438,-0.322920613498425,1.86630970015903,0,1,0,1,0,1,1
"1693",40,7,-0.130255724432476,-0.522546962860577,0.84877851331403,1.38640494558178,0,1,0,1,0,1,1
"1694",25,7,-1.77788183300556,0.8833011176381,-0.945771201961887,-0.0934686691521471,0,1,0,1,1,0,1
"1695",27,6,0.602937893882545,1.30059896285817,-0.327031838504784,-1.87789780446534,0,0,0,0,0,0,0
"1696",40,7,-1.76964370246269,0.656420735770878,-0.945771201961887,-0.0106117169270328,0,1,0,1,1,0,1
"1697",11,7,0.39698463031091,-0.542804139813008,0.52604735031481,1.31209811077514,0,1,0,1,1,0,1
"1698",17,7,1.14665450971166,-0.319975193336272,-0.579872176395893,0.14333976459017,1,1,0,1,1,0,1
"1699",40,7,0.39698463031091,-0.421261078098425,-0.448312976192389,0.634536843266116,1,1,0,1,0,1,1
"1700",38,6,0.899510593425699,1.3208561398106,-0.625095651465847,-1.97252848751978,1,0,0,0,0,1,0
"1701",39,6,0.215745758367871,1.64902240643997,0.433544787671722,-1.71851383254524,0,0,0,0,0,0,0
"1702",13,7,1.28670272894037,-0.137660600764398,2.46860116581967,0.932635987032925,1,1,0,1,1,0,1
"1703",19,6,0.537032849539621,0.267482938284212,-0.468869101224187,-2.09103140452523,1,0,0,0,0,0,0
"1704",40,7,1.22079768459745,-0.421261078098425,-0.657985451516723,0.688970456619112,0,1,0,1,0,1,1
"1705",14,7,0.364032108139448,0.672626477332822,-0.44420175118603,-0.038705267035798,0,1,0,1,1,0,1
"1706",39,7,-2.23097901286315,-0.47798117356523,-0.945771201961887,0.405260244764243,0,1,0,1,1,0,0
"1707",11,6,0.30636519433939,-0.19843213162169,0.649384100505595,0.0697572449299378,1,1,0,0,0,0,0
"1708",12,7,0.841843679625641,-0.684604378480021,-0.0968032381486525,0.808587453022005,0,1,0,1,0,1,1
"1709",14,7,0.767700504739853,-0.684604378480021,1.65046738955413,0.274288581858896,0,0,0,0,0,1,1
"1710",23,7,0.940701246140026,0.206711407426921,-0.162582838250404,-1.46213989360336,0,0,0,0,0,1,1
"1711",40,7,-1.79435809409129,-0.137660600764398,-0.945771201961887,0.593490193218851,0,1,0,1,1,0,1
"1712",34,7,0.125126322396351,0.409283176951226,0.918669338422142,-1.44676298238324,0,0,0,0,0,0,0
"1713",39,7,1.06427320428301,-0.137660600764398,0.0141998370230536,0.692439302932652,0,1,0,1,1,0,0
"1714",41,7,0.891272462882834,0.328254469141504,1.67924596459865,0.536930011217655,0,1,0,1,0,0,1
"1715",21,7,0.981891898854353,-0.360489547241133,0.141647812220198,0.466079856675885,0,1,0,1,0,0,1
"1716",39,7,1.1384163791688,-0.62383284762273,0.378043250085869,0.488156534460618,1,1,0,1,0,1,1
"1717",39,7,-1.43188035020521,-0.137660600764398,-0.945771201961887,0.769879985517168,0,1,0,1,1,0,1
"1718",29,7,0.289888933253659,3.46811689676823,-0.403089501122435,-2.68006717327094,0,0,0,0,0,0,1
"1719",21,7,-1.64607174431971,-0.157917777716828,-0.945771201961887,-0.164576773532953,0,1,0,0,1,0,1
"1720",27,7,-1.27535586989077,0.125682699617199,-0.945771201961887,1.18405301260147,0,1,0,1,1,0,1
"1721",21,7,0.380508369225179,-0.947947678861618,-0.810100776752024,1.08482472189237,1,1,0,0,0,0,1
"1722",36,6,1.01484442102581,-0.684604378480021,3.02156092917502,0.409404216455261,0,1,0,1,1,0,0
"1723",27,7,0.817129287997045,-0.319975193336272,-0.0577466005882374,0.00245327662367707,0,1,0,1,0,1,1
"1724",24,7,0.273412672167929,-0.0768890699071064,0.704885638091448,-0.378370564731488,0,0,0,0,1,0,0
"1725",36,7,0.677081068768333,0.551083415618239,-0.102970075658192,-0.649411285736384,1,0,0,0,1,0,0
"1726",40,7,-1.19297456446211,0.0730140395408794,-0.945771201961887,0.0136117918088882,0,1,0,0,1,0,1
"1727",13,7,0.495842196825295,-0.62383284762273,0.250595274888724,0.766304810541761,0,1,0,1,1,0,1
"1728",30,7,-1.98383509657719,-0.178174954669259,-0.945771201961887,-0.410655266862059,0,0,0,0,0,1,1
"1729",21,7,-1.64607174431971,-0.157917777716828,-0.945771201961887,-0.185781939624582,0,1,0,0,1,0,1
"1730",39,7,-1.16826017283352,-0.137660600764398,-0.945771201961887,-0.0257514605393032,0,1,0,1,0,1,0
"1731",40,7,1.08074946536874,0.18645423047449,-0.378422151084278,-0.681247754996025,0,0,0,0,1,0,1
"1732",40,7,0.70179546039693,-0.421261078098425,-0.341421126027042,0.228167147501648,1,1,0,1,1,0,1
"1733",24,7,-0.336208988004111,1.42214202457275,-0.579872176395893,-1.16508923970137,1,0,0,0,0,1,0
"1734",10,7,1.03132068211155,-0.21868930857412,-0.0228011880341817,-0.400477306987195,1,1,0,1,0,0,1
"1735",40,7,0.726509852025526,0.99674130857171,-0.318809388492065,-2.09691430817057,0,0,0,0,0,0,1
"1736",8,7,-0.0973032022610144,0.99674130857171,3.75541459281019,0.0395582884177711,0,1,0,1,0,1,1
"1737",11,7,0.355793977596583,1.28034178590574,0.891946375880805,-2.252008466115,0,0,0,0,0,1,1
"1738",16,7,0.91598685451143,0.348511646093934,3.1962879919453,-0.370350521468669,0,1,0,1,0,0,1
"1739",12,7,1.04779694319728,-0.157917777716828,-0.170805288263123,-0.327606729346091,1,1,0,1,0,1,1
"1740",27,7,0.71827172148266,0.206711407426921,-0.109136913167731,-1.6038539256929,1,0,0,0,0,1,0
"1741",40,7,1.01484442102581,-0.117403423811967,0.44382285018762,0.314303907341849,0,1,0,1,0,1,1
"1742",40,7,-1.40716595857661,0.636163558818447,-0.945771201961887,0.623270563967113,0,1,0,1,0,0,1
"1743",40,7,1.39379842599762,-0.704861555432452,0.548659087849787,-0.137059371391358,0,1,0,0,0,1,1
"1744",35,7,1.02308255156868,-0.21868930857412,-0.401033888619255,-0.141289791136321,1,1,0,1,0,0,1
"1745",14,7,0.685319199311199,-0.684604378480021,-0.0803583381232147,0.538115002754145,0,1,0,1,0,1,0
"1746",11,7,-0.286780204746919,1.17905590114359,-0.27769713842847,-1.98889612616312,0,0,0,0,0,0,1
"1747",34,7,-0.303256465832649,-0.461775432003286,0.889890763377625,0.913444309780552,0,1,0,0,0,1,1
"1748",40,7,-1.67902426649117,0.636163558818447,-0.945771201961887,0.624389429450357,0,1,0,1,1,0,1
"1749",39,7,-1.54721417780532,-0.40505533653648,-0.945771201961887,-0.145982801397431,0,1,0,1,1,0,0
"1750",16,7,-1.20121269500498,0.0649111687599072,-0.945771201961887,0.187461120086866,0,1,0,0,1,0,1
"1751",40,7,0.660604807682603,-0.0161175390498148,-0.460646651211468,-0.373493475836503,1,1,0,1,0,0,1
"1752",24,7,0.561747241168218,0.206711407426921,-0.832712514287001,-0.960817669267206,1,0,0,0,0,1,0
"1753",14,7,1.1137019875402,0.5915977695231,0.260873337404623,-1.94563904120272,0,0,0,0,0,0,1
"1754",25,7,-0.295018335289784,3.1845164194342,-0.616873201453128,-2.38874632310082,1,0,0,0,0,0,1
"1755",39,7,0.578223502253948,-1.75418332156835,0.396543762614486,0.640043057025529,1,1,1,0,0,0,1
"1756",16,7,1.58327542848353,-0.887176148004327,0.236205987366466,0.442890981858136,0,1,0,0,0,1,0
"1757",20,7,0.973653768311488,-0.684604378480021,0.232094762360107,1.02688323621004,0,1,0,1,1,0,1
"1758",40,7,-0.179684507689668,1.66522814800192,0.227983537353747,-2.0793342251604,0,0,0,0,0,0,1
"1759",19,7,0.883034332339968,0.267482938284212,0.616494300454719,-0.589853738265068,1,0,0,0,0,1,1
"1760",34,7,0.874796201797103,0.875198246857127,-0.183138963282202,-0.435820103868931,1,0,0,0,0,1,1
"1761",8,7,1.04779694319728,0.915712600761988,-0.390755826103356,-0.404907344130333,1,0,0,0,1,0,1
"1762",40,7,1.04779694319728,-0.684604378480021,0.641161650492876,0.573396778591182,0,1,0,1,1,0,1
"1763",39,7,1.16313077079739,-0.21868930857412,1.10367446370832,-0.359550078824799,0,1,0,1,0,0,0
"1764",14,7,0.973653768311488,0.18645423047449,0.567159600378405,0.915670058989597,1,1,0,1,1,0,1
"1765",19,7,0.133364452939217,0.267482938284212,-0.501758901275062,0.506121513022841,1,1,0,0,0,1,0
"1766",16,7,0.990130029397219,-0.137660600764398,0.435600400174901,0.74278527337787,0,1,0,1,1,0,0
"1767",10,7,0.825367418539911,-0.984410597375993,-0.0351348630532603,0.992863297639405,1,0,0,0,0,0,1
"1768",39,7,-1.28359400043363,0.141888441179143,-0.945771201961887,-0.390519323054146,0,1,0,1,0,1,0
"1769",30,7,0.91598685451143,0.952175519276363,0.178648837277433,-2.32347609809099,1,0,0,0,0,1,0
"1770",13,7,-0.220875160403995,4.26219823330351,0.0532564745834688,-2.39592094274998,0,0,0,0,0,1,1
"1771",39,7,0.668842938225468,0.247225761331782,1.62785565201915,0.195588398848809,0,0,0,0,1,0,0
"1772",39,7,-0.962306909261882,0.0649111687599072,-0.945771201961887,-0.320213804991429,0,1,0,1,0,1,0
"1773",37,7,-1.73669118029123,-0.486084044346202,-0.945771201961887,-0.0157397765176472,0,1,0,1,1,0,0
"1774",38,7,0.462889674653833,4.27840397486545,-0.176972125772663,-2.55508552074558,1,0,0,0,0,1,0
"1775",15,7,0.726509852025526,0.0649111687599072,-0.649763001504004,-0.0160940815312989,0,0,0,0,1,0,0
"1776",40,7,0.660604807682603,-0.421261078098425,-0.555204826357736,0.476924759719308,1,1,0,1,1,0,1
"1777",30,7,0.528794718996756,-0.684604378480021,0.059423312093008,-0.0632453997484348,1,1,0,0,0,0,1
"1778",14,7,0.364032108139448,-0.380746724193564,0.92894740093804,0.0273296963327637,0,1,0,0,0,1,0
"1779",39,7,0.833605549082776,-0.684604378480021,0.869334638345828,0.453558241551611,0,1,0,0,0,1,0
"1780",9,7,0.41346089139664,2.88471020053823,-0.485314001249624,-1.55374662036288,0,0,0,0,1,0,0
"1781",40,7,-1.25887960880504,-0.684604378480021,-0.945771201961887,-0.0432084759965694,0,1,0,1,1,0,1
"1782",31,7,0.767700504739853,-0.19843213162169,0.0224222870357727,-0.495552995570334,1,0,0,0,1,0,0
"1783",10,7,0.273412672167929,1.80702838666893,-0.565482888873635,-2.56310196621492,1,0,0,0,0,0,0
"1784",23,7,0.981891898854353,-0.401003901145994,-0.549037988848197,-0.378370564731488,1,0,0,0,0,1,0
"1785",32,7,-1.09411699794773,-0.178174954669259,-0.945771201961887,0.764689690241501,0,1,0,1,1,0,0
"1786",36,7,0.446413413568102,1.84754274057379,0.246484049882365,-1.88300164625428,0,0,0,0,0,0,1
"1787",13,7,1.10546385699733,-0.522546962860577,-0.487369613752804,0.417658041903159,1,1,0,1,1,0,1
"1788",19,7,0.487604066282429,2.21217192571754,2.08214601522188,-1.08182044444644,0,0,0,0,0,0,0
"1789",30,7,0.100411930767755,-0.137660600764398,0.184815674786973,1.36117596900479,1,1,0,1,1,0,0
"1790",40,7,0.273412672167929,-0.0971462468595369,-0.44420175118603,-0.467381997636149,1,0,0,0,1,0,1
"1791",38,7,0.957177507225757,0.348511646093934,2.98250429161461,0.908440253839529,1,1,0,0,1,0,0
"1792",21,7,-0.311494596375515,2.49577240305157,0.12314729969158,-2.05919563842816,0,0,0,0,0,0,0
"1793",15,7,-0.0808269411752836,0.834683892952266,0.423266725155823,-0.140006587948616,0,0,0,0,0,0,0
"1794",35,7,0.866558071254238,-0.785890263242174,-0.419534401147873,0.195844875252918,1,1,0,1,0,1,0
"1795",39,7,1.33613151219757,0.16619705352206,-0.699097701580318,-1.78887363364887,1,0,0,0,0,0,0
"1796",40,7,-2.00031135766292,-0.117403423811967,-0.945771201961887,0.522719296106296,0,1,0,1,1,0,0
"1797",39,7,0.438175283025237,2.94143029600504,1.58057656444602,-1.20168107791965,0,0,0,0,0,0,0
"1798",32,7,-0.327970857461246,0.429540353903656,0.384210087595408,-0.471374244239766,0,0,0,0,0,1,0
"1799",21,7,-0.10554133280388,1.30059896285817,-0.52437063881004,-1.578591482922,0,0,0,0,1,0,0
"1800",39,7,0.471127805196698,0.409283176951226,0.45204530020034,-2.07351959522961,1,0,0,0,0,0,0
"1801",38,7,-2.00031135766292,0.433591789294142,-0.945771201961887,-0.00128471316403364,0,1,0,1,0,1,0
"1802",39,7,0.742986113111257,0.0243968148550462,1.04406170111611,0.879656409061834,1,1,0,1,1,0,0
"1803",38,7,0.907748723968565,-0.725118732384882,-0.156416000740865,-0.111860937135857,0,1,0,1,0,0,0
"1804",13,7,0.973653768311488,0.0446539918074767,-0.651818614007184,-0.658438820156359,0,0,0,0,0,0,0
"1805",39,7,0.948939376682892,-0.785890263242174,1.09339640119242,0.489549349969668,1,1,0,1,0,0,0
"1806",29,7,0.421699021939506,-0.401003901145994,0.0882018871375244,-0.143988088938689,1,0,0,0,0,1,0
"1807",38,7,0.800653026911314,0.895455423809558,0.93511423844758,-1.90359210472022,0,0,0,0,0,0,0
"1808",39,7,0.602937893882545,-0.522546962860577,-0.553149213854556,0.717514976408767,0,1,0,1,1,0,0
"1809",39,7,0.710033590939795,1.09802719333386,-0.150249163231326,-0.667520901943026,1,0,0,0,0,0,0
"1810",39,7,-1.20121269500498,-0.137660600764398,-0.945771201961887,0.353050533536711,0,1,0,1,1,0,0
"1811",15,7,1.16313077079739,-0.178174954669259,0.092313112143884,0.384774409604732,1,1,0,1,0,1,0
"1812",9,7,0.586461632796814,-0.785890263242174,1.33184745156127,1.00913373950452,0,1,0,1,1,0,0
"1813",29,7,-0.10554133280388,-0.137660600764398,0.597993787926101,0.0488628557015295,0,0,0,0,1,0,0
"1814",28,7,1.03132068211155,-0.23894648552655,1.01733873857477,0.107107558393957,0,0,0,0,0,1,0
"1815",39,7,-2.1485977074345,-0.21868930857412,-0.945771201961887,0.753193398179464,0,1,0,1,1,0,0
"1816",37,7,-0.204398899318265,2.72265278491879,-0.0762471131168552,-1.45828089286329,0,0,0,0,1,0,0
"1817",9,7,0.273412672167929,2.34992072899407,0.0717569871120866,-2.18178814072599,0,0,0,0,0,0,0
"1818",29,7,0.91598685451143,-0.785890263242174,0.295818749958679,0.299536419733289,0,1,0,1,0,1,0
"1819",12,7,0.602937893882545,-0.380746724193564,0.417099887646284,1.16700031856099,1,1,0,0,0,0,0
"1820",23,7,0.034506886424832,1.36137049371546,-0.306475713472987,-2.13270361711932,1,0,0,0,0,0,0
"1821",39,7,0.39698463031091,1.54368508628733,-0.0865251756327539,-2.11613463115672,1,0,0,0,0,0,0
"1822",39,7,0.652366677139737,-0.182226390059745,0.591826950416562,-0.589853738265068,0,0,0,0,0,0,0
"1823",39,7,0.232222019453602,-0.502289785908147,-0.526426251313219,0.100290857537442,1,0,0,0,1,0,0
"1824",39,7,-1.21768895609071,0.226968584379351,-0.945771201961887,0.117302014045615,0,1,0,0,0,1,0
"1825",39,7,1.12194011808307,0.575392027961156,-0.349643576039761,0.0145379396181432,0,0,0,0,1,0,0
"1826",40,8,-1.42364221966234,-0.0161175390498148,-0.945771201961887,0.673746067347376,0,1,0,1,1,0,0
"1827",14,8,-0.954068778719016,-0.234895050136064,-0.945771201961887,0.831947124383547,0,1,0,1,1,0,0
"1828",40,8,-1.67078613594831,-0.0161175390498148,-0.945771201961887,0.552667083172669,0,1,0,0,1,0,1
"1829",39,7,-0.0643506800895528,1.87185135291671,0.248539662385545,-1.83767921876751,1,0,0,0,0,1,0
"1830",38,7,0.775938635282718,0.769860926704489,0.0183110620294131,-1.70482863971378,1,0,0,0,1,0,0
"1831",39,7,-1.2918321309765,-0.785890263242174,-0.945771201961887,0.671579868989283,0,1,0,1,1,0,0
"1832",39,7,-1.75316744137696,1.38162767066789,-0.945771201961887,-0.476419619552574,0,1,0,1,0,0,0
"1833",39,7,-0.245589552032592,2.17976044259365,0.211538637328309,-2.26513588547605,1,0,0,0,1,0,0
"1834",24,7,1.0889875959116,0.0649111687599072,0.223872312347388,-1.19713906723772,0,0,0,0,0,0,0
"1835",21,7,1.0889875959116,-0.522546962860577,0.717219313110527,0.974063353685169,1,1,0,0,1,0,0
"1836",27,8,0.191031366739275,-0.522546962860577,-0.0186899630278222,1.1347221048261,0,1,0,1,1,0,1
"1837",32,7,-1.85202500789134,0.0851683457123378,-0.945771201961887,-0.774642683276639,0,0,0,0,1,0,0
"1838",38,7,0.751224243654122,2.90091594210018,1.19617702635141,-1.93501652375714,0,0,0,0,0,0,0
"1839",32,7,0.273412672167929,1.30465039824865,1.7347475021845,0.142064481906707,0,0,0,0,0,1,0
"1840",13,7,0.792414896368449,1.46265637847761,0.550714700352967,-1.99990775023094,0,0,0,0,0,0,0
"1841",20,7,1.09722572645447,-0.234895050136064,0.141647812220198,0.880664914674942,1,1,0,1,0,1,0
"1842",24,7,1.0889875959116,-0.785890263242174,0.877557088358547,0.644540104893037,1,1,0,1,1,0,0
"1843",38,7,0.380508369225179,0.125682699617199,-0.43803491367649,-1.77453571924422,0,0,0,0,0,0,0
"1844",39,7,1.12194011808307,-0.174123519278773,0.0306447370484916,1.17782101970464,1,1,0,1,0,0,0
"1845",23,7,-0.682210470804458,-0.0323232806117591,-0.945771201961887,0.980041641821007,0,1,0,1,1,0,0
"1846",20,7,0.652366677139737,-0.785890263242174,0.959781588485737,1.33597278259196,0,1,0,1,1,0,0
"1847",39,19,-1.24240334771931,0.0243968148550462,-0.945771201961887,-0.333941321362887,0,1,0,1,0,0,0
"1848",30,19,-1.55545230834819,-0.178174954669259,-0.945771201961887,0.322058096098574,0,1,0,0,1,0,0
"1849",38,19,0.759462374196987,-0.684604378480021,-0.470924713727366,0.537338734527483,1,1,0,1,1,0,1
"1850",40,20,0.833605549082776,-0.785890263242174,0.813833100759975,1.49759436891147,0,1,0,0,0,1,1
"1851",31,19,0.792414896368449,-0.137660600764398,-0.209861925823539,-1.97796458734256,0,0,0,0,0,0,1
"1852",37,19,-1.49778539454813,-0.482032608955717,-0.945771201961887,1.00659371769064,0,1,0,1,0,1,1
"1853",40,20,0.372270238682313,-0.441518255050856,0.0491452495771093,0.967907762467862,1,1,0,1,1,0,1
"1854",40,19,-1.09411699794773,-0.785890263242174,-0.945771201961887,0.271852471175498,0,1,0,1,1,0,1
"1855",39,19,-1.39892782803375,-0.583318493717869,-0.945771201961887,0.52996465614293,0,1,0,1,1,0,0
"1856",25,19,0.446413413568102,-0.137660600764398,-0.415423176141513,0.767813029096044,1,0,0,0,0,0,0
"1857",39,19,-1.11883138957632,-0.785890263242174,-0.945771201961887,0.746772319644683,0,1,0,1,0,1,1
"1858",21,19,0.850081810168507,-0.785890263242174,1.41407195168846,0.398686704959805,0,1,0,0,1,0,1
"1859",40,19,-0.468019076689957,1.48291355543004,2.60221597852635,-0.406820877122868,1,0,0,0,1,0,1
"1860",40,19,-1.33302278369082,0.226968584379351,-0.945771201961887,0.849912304368774,0,1,0,1,1,0,1
"1861",33,19,0.619414154968276,0.18645423047449,-0.534648701325938,-1.17463263660333,1,0,0,0,0,0,1
"1862",40,19,1.0889875959116,-0.785890263242174,0.104646787162962,-0.651663091345003,1,0,0,0,0,0,1
"1863",39,18,0.932463115597161,-0.785890263242174,-0.162582838250404,0.254688239406692,0,0,0,0,0,1,0
"1864",28,19,-0.377399640718438,0.672626477332822,-0.0330792505500804,-0.179843251683259,1,1,0,1,0,1,1
"1865",37,19,0.775938635282718,0.226968584379351,0.669940225537393,0.901239665382206,0,1,0,1,0,1,0
"1866",40,19,-1.12706952011919,-0.137660600764398,-0.945771201961887,0.255871495252332,0,1,0,1,1,0,1
"1867",37,18,1.09722572645447,-0.785890263242174,-0.690875251567599,1.10747955032046,0,1,0,1,1,0,0
"1868",20,19,-0.327970857461246,2.23242910266997,0.429433562665362,-1.57442204900678,0,0,0,0,0,1,1
"1869",40,19,0.149840714024948,-0.0566318929546759,0.234150374863286,-1.13370855998737,0,0,0,0,0,0,1
"1870",39,19,-1.16826017283352,0.226968584379351,-0.945771201961887,-0.292206405739651,0,1,0,0,0,1,1
"1871",40,19,-2.25569340449175,0.672626477332822,-0.945771201961887,-0.0296795276148625,0,1,0,1,0,1,1
"1872",28,18,-0.0313981579180912,0.105425522664768,0.0799794371248055,-1.07284680607547,1,0,0,0,0,0,0
"1873",38,19,-1.62135735269111,-0.0768890699071064,-0.945771201961887,1.06645749918805,0,1,0,1,1,0,1
"1874",40,19,-1.76964370246269,0.449797530856087,-0.945771201961887,0.338334136211044,0,0,0,0,1,0,1
"1875",40,19,-1.2671177393479,-0.137660600764398,-0.945771201961887,-0.422217477433849,0,0,0,0,0,0,1
"1876",35,18,0.726509852025526,0.409283176951226,-0.596317076421331,-2.12067891328625,0,0,0,0,0,0,0
"1877",40,19,0.429937152482371,-0.785890263242174,-0.417478788644693,0.870974853028287,0,1,0,0,0,1,1
"1878",37,18,0.512318457911025,0.206711407426921,-0.633318101478566,-1.7603332832217,1,0,0,0,0,0,0
"1879",36,18,0.635890416054006,-0.137660600764398,0.470545812728957,0.610713172897601,1,1,0,1,0,1,0
"1880",40,19,-0.954068778719016,-0.380746724193564,-0.945771201961887,0.498214841123594,0,1,0,1,1,0,1
"1881",38,18,0.775938635282718,-0.785890263242174,-0.234529275861696,-0.323036219385945,0,0,0,0,0,0,0
"1882",40,19,0.874796201797103,-0.785890263242174,-0.0166343505246426,-1.36489185763885,1,0,0,0,0,1,1
"1883",20,18,-0.303256465832649,0.137837005788657,1.28662397649132,0.845158085462697,1,1,0,1,1,0,0
"1884",39,18,0.223983888910736,1.01699848552414,0.156037099742456,-0.305035046595002,0,0,0,0,0,0,0
"1885",39,18,0.364032108139448,-0.259203662478981,-0.867657926841057,-0.398952730365333,1,1,0,1,0,0,0
"1886",39,18,0.883034332339968,-0.785890263242174,1.53124186436971,1.19353770277219,0,1,0,1,1,0,0
"1887",28,18,0.364032108139448,-0.259203662478981,-0.871769151847417,-0.618411500986555,1,1,0,1,0,0,0
"1888",20,18,-0.171446377146803,0.75770662053303,-0.224251213345797,-1.71393824312863,1,0,0,0,0,0,0
"1889",38,18,0.940701246140026,-0.137660600764398,1.30512448901993,-0.248149268155282,0,1,0,1,0,0,0
"1890",30,18,0.075697539139159,0.125682699617199,-0.0885807881359336,-0.518063803773897,0,0,0,0,0,0,0
"1891",39,18,-1.15178391174779,-0.396952465755508,-0.945771201961887,1.22544343773368,0,1,0,1,1,0,0
"1892",40,19,-1.70373865811977,0.0487054271979627,-0.945771201961887,0.661906010407373,0,1,0,1,1,0,1
"1893",29,18,-0.089065071718149,-0.0161175390498148,2.10681336526003,0.899570610606576,1,1,0,1,1,0,0
"1894",37,18,0.767700504739853,-0.785890263242174,1.3996826641662,0.874309800802649,1,1,0,0,0,0,1
"1895",39,18,1.05603507374014,-0.785890263242174,-0.0700802756073159,-1.07583207014044,1,0,0,0,0,0,0
"1896",39,18,-1.67902426649117,-0.137660600764398,-0.945771201961887,-0.348089958171369,0,0,0,0,0,0,0
"1897",33,18,0.141602583482082,-0.684604378480021,-0.491480838759164,0.750429666298646,0,1,0,0,0,1,0
"1898",22,18,0.471127805196698,-0.0161175390498148,-0.672374739038981,1.01595557419953,1,1,0,1,1,0,0
"1899",26,18,1.03132068211155,-0.785890263242174,2.31443022808119,0.450617131109905,0,1,0,1,0,1,0
"1900",40,19,0.800653026911314,-0.785890263242174,1.68541280210819,1.0886526377306,0,1,0,1,1,0,1
"1901",40,19,1.05603507374014,-0.137660600764398,0.963892813492096,1.00545678864682,1,1,0,0,1,0,1
"1902",35,18,-0.0561125495466874,-0.279460839431411,0.00597738701033469,-0.30017579364843,1,1,0,0,0,0,0
"1903",40,18,0.372270238682313,0.0851683457123378,-0.345532351033402,-1.28038736012317,1,0,0,0,0,1,1
"1904",39,18,-1.21768895609071,-0.137660600764398,-0.945771201961887,-0.0227231513752463,0,1,0,1,1,0,1
"1905",40,18,-1.17649830337638,0.267482938284212,-0.945771201961887,-0.0324830587268054,0,0,0,0,1,0,1
"1906",31,18,0.462889674653833,-0.380746724193564,1.93619752749612,0.688748768858432,0,1,0,1,1,0,1
"1907",39,18,-1.28359400043363,0.251277196722268,-0.945771201961887,-1.24318888215159,0,0,0,0,1,0,0
"1908",22,18,-0.311494596375515,2.23242910266997,0.252650887391904,-1.25660932811707,0,0,0,0,0,0,1
"1909",24,18,0.388746499768044,-0.23894648552655,-0.592205851414971,-1.05505866991767,1,0,0,0,0,0,1
"1910",37,18,0.438175283025237,-0.161969213107314,-0.394867051109716,0.893553069668848,1,1,0,0,0,1,0
"1911",39,16,-1.44835661129094,-0.380746724193564,-0.945771201961887,0.375973566160726,0,1,0,1,1,0,0
"1912",32,16,1.1137019875402,-0.583318493717869,0.486990712754395,-0.29789451077814,0,0,0,0,0,0,0
"1913",34,17,0.174555105653544,0.348511646093934,0.213594249831489,1.16398667734065,1,1,0,1,1,0,1
"1914",39,16,-0.220875160403995,0.267482938284212,0.554825925359327,-0.469217114202478,0,0,0,0,0,0,0
"1915",39,17,-1.30007026151936,-0.0525804575641897,-0.945771201961887,0.551574478523726,0,1,0,1,1,0,0
"1916",23,16,1.09722572645447,-0.785890263242174,0.560992762868866,0.415886847162775,0,1,0,1,0,0,0
"1917",37,16,-1.43188035020521,0.368768823046365,-0.945771201961887,0.510621007373629,0,1,0,1,1,0,0
"1918",41,17,-0.089065071718149,0.672626477332822,0.353375900047712,-0.21340624023324,1,1,0,1,0,1,1
"1919",39,16,-1.12706952011919,-0.785890263242174,-0.945771201961887,0.790740013562274,0,1,0,1,0,1,0
"1920",28,16,0.00155436425337042,-0.137660600764398,0.176593224774254,1.01408191003768,0,1,0,1,0,1,0
"1921",23,16,0.149840714024948,-0.279460839431411,0.665829000531033,0.861683074305195,1,1,0,0,0,1,0
"1922",26,16,-0.286780204746919,1.46265637847761,-0.415423176141513,-1.2003819594614,1,0,0,0,0,0,1
"1923",39,16,1.20432142351172,-0.461775432003286,0.100535562156603,-0.0197601320380375,0,1,0,1,0,0,0
"1924",33,16,1.18784516242599,0.510569061713378,0.36982080007315,-2.31882301973879,0,0,0,0,0,0,1
"1925",39,16,-0.138493854975341,0.0851683457123378,-0.483258388746445,-1.32910254869011,1,0,0,0,0,0,0
"1926",34,16,-0.138493854975341,1.3208561398106,0.119036074685221,-1.21342394985528,0,0,0,0,0,1,0
"1927",19,16,0.899510593425699,-0.583318493717869,0.986504551027073,0.585279209667307,1,1,0,1,0,0,0
"1928",18,16,0.990130029397219,-0.0161175390498148,0.269095787417342,-0.17156831160237,0,0,0,0,0,1,1
"1929",40,16,1.02308255156868,-0.137660600764398,0.219761087341028,0.497669464126829,1,1,0,1,1,0,1
"1930",40,16,0.767700504739853,-0.0768890699071064,-0.113248138174091,0.933829331402901,0,1,0,1,1,0,1
"1931",34,16,0.364032108139448,0.307997292189073,-0.275641525925291,-1.72310339324893,0,0,0,0,0,1,1
"1932",39,16,-1.39068969749088,-0.214637873183634,-0.945771201961887,0.651639340241392,0,1,0,1,0,0,0
"1933",40,16,-1.0529263452334,0.226968584379351,-0.945771201961887,0.845457745872466,0,1,0,1,1,0,1
"1934",40,16,0.578223502253948,-0.0971462468595369,2.22603889044446,0.479645036388853,1,1,0,1,1,0,1
"1935",33,16,-1.25887960880504,-0.380746724193564,-0.945771201961887,0.270828126128948,0,1,0,1,1,0,1
"1936",39,16,0.833605549082776,-0.137660600764398,0.554825925359327,0.632581878806695,1,1,0,1,1,0,1
"1937",40,16,-1.01997382306194,-0.785890263242174,-0.945771201961887,0.324037507491478,0,1,0,0,1,0,1
"1938",37,16,1.12194011808307,0.267482938284212,-0.0680246631041361,-0.392187053665925,1,0,0,0,0,1,1
"1939",35,16,0.965415637768622,-0.785890263242174,0.536325412830709,1.45588048192041,0,1,0,0,0,1,1
"1940",26,16,0.858319940711372,-0.482032608955717,0.534269800327529,-0.0520136078872819,0,1,0,1,0,0,1
"1941",28,16,1.15489264025453,0.551083415618239,-0.322920613498425,-1.92446855090763,0,0,0,0,0,0,0
"1942",37,16,0.858319940711372,0.226968584379351,-0.649763001504004,0.2513306138372,1,1,0,0,0,1,1
"1943",37,16,0.265174541625063,0.226968584379351,1.20234386386095,1.8917513456487,0,1,0,0,0,0,1
"1944",40,16,-1.21768895609071,-0.137660600764398,-0.945771201961887,0.786140950101189,0,1,0,1,1,0,1
"1945",28,16,1.3278933816547,-0.482032608955717,-0.228362438352156,-0.0668451545811887,1,1,0,1,1,0,1
"1946",30,16,0.70179546039693,-0.785890263242174,-0.35992163855566,0.847287706983156,1,1,0,1,1,0,1
"1947",19,16,0.899510593425699,-0.421261078098425,1.25578978894362,0.805342644825384,0,1,0,1,1,0,1
"1948",40,16,0.41346089139664,-1.75418332156835,1.28045713898178,0.554445924079493,0,1,1,0,0,0,1
"1949",39,16,0.364032108139448,-0.785890263242174,0.114924849678861,0.890616010369061,1,0,0,0,1,0,1
"1950",40,16,-1.11883138957632,-0.785890263242174,-0.945771201961887,-0.0694741466237492,0,1,0,1,1,0,1
"1951",38,16,-1.14354578120492,-0.785890263242174,-0.945771201961887,0.693655193346106,0,1,0,1,1,0,0
"1952",41,16,-0.937592517633285,1.0007927439622,-0.945771201961887,-0.766350480072939,0,0,0,0,1,0,0
"1953",40,16,-1.52249978617673,-0.137660600764398,-0.945771201961887,0.0441042975921659,0,1,0,1,1,0,1
"1954",40,16,-0.978783170347612,-0.785890263242174,-0.945771201961887,-0.127043692113771,0,1,0,0,1,0,1
"1955",41,16,-1.93440631332,0.676677912723308,-0.945771201961887,0.216880137989123,0,1,0,1,1,0,1
"1956",27,15,1.03955881265441,-0.279460839431411,-0.012523125518283,-0.572650918581526,0,0,0,0,1,0,0
"1957",37,16,1.20432142351172,-0.684604378480021,-0.0988588506518323,-0.302960796632647,1,1,0,1,0,0,1
"1958",39,15,0.660604807682603,-0.319975193336272,0.373932025079509,-0.702075986137079,0,0,0,0,0,1,0
"1959",29,16,-1.71197678866263,-0.153866342326342,-0.945771201961887,0.716064266941235,0,1,0,1,1,0,1
"1960",39,16,0.364032108139448,0.834683892952266,-0.378422151084278,-1.48158492498237,1,0,0,0,0,1,1
"1961",24,16,-0.229113290946861,-0.0525804575641897,0.308152424977757,0.517510741203913,1,1,0,1,1,0,1
"1962",40,16,-1.19297456446211,-0.178174954669259,-0.945771201961887,0.612152513525912,0,1,0,1,1,0,0
"1963",40,16,-1.18473643391925,-0.542804139813008,-0.945771201961887,-0.139621840515807,0,1,0,0,1,0,1
"1964",36,16,-0.113779463346745,1.01699848552414,-0.791600264223407,0.135404834491914,1,0,0,0,1,0,0
"1965",23,15,0.965415637768622,-0.174123519278773,1.37295970162487,-0.518063803773897,0,0,0,0,0,0,0
"1966",40,16,0.133364452939217,-0.0161175390498148,-0.0310236380469008,0.702981089463861,1,1,0,1,1,0,1
"1967",39,15,0.545270980082487,1.88805709447865,0.846722900810851,-1.19067419721712,0,0,0,0,0,0,0
"1968",21,15,0.841843679625641,-0.401003901145994,1.20028825135777,-0.574790534547987,0,0,0,0,0,1,0
"1969",34,16,1.0889875959116,-0.0768890699071064,0.76655401318684,0.705796839727685,1,1,0,1,0,1,1
"1970",39,15,0.883034332339968,-0.153866342326342,2.17053735285861,0.945804383577275,1,1,0,1,1,0,0
"1971",25,15,-0.196160768775399,1.38567910605838,-0.493536451262343,-1.39784742787368,1,0,0,0,0,1,0
"1972",39,15,0.726509852025526,-0.943896243471132,-0.0310236380469008,0.0664067662324559,0,1,0,0,0,1,0
"1973",39,15,-0.31973272691838,0.672626477332822,1.97730977755971,0.701223143838014,1,1,0,1,1,0,0
"1974",34,16,1.19608329296885,0.389025999998795,-0.27769713842847,-0.911264086530527,0,0,0,1,0,0,0
"1975",22,16,0.751224243654122,-0.279460839431411,-0.0783027256200349,0.319651015431094,1,1,0,1,1,0,1
"1976",28,15,0.174555105653544,0.652369300380392,0.0327003495516714,-0.761493997778121,0,0,0,0,1,0,0
"1977",39,15,0.998368159940084,-0.482032608955717,0.0512008620802891,0.250935105506757,1,1,0,0,1,0,0
"1978",18,15,0.0427450169676974,1.38567910605838,-0.292086425950728,-1.17782728172226,1,0,0,0,1,0,0
"1979",40,15,-2.06621640200585,1.0007927439622,-0.945771201961887,-0.000583131621421122,0,1,0,0,0,1,0
"1980",39,15,0.891272462882834,-0.137660600764398,0.400654987620846,-0.208632526066709,0,0,0,0,0,0,0
"1981",24,15,0.553509110625352,-0.542804139813008,-0.497647676268703,-0.172747660397771,1,1,0,1,0,0,0
"1982",39,15,0.71827172148266,-0.401003901145994,-0.0433573130659792,-0.649411285736384,0,0,0,0,0,0,0
"1983",24,15,0.957177507225757,0.348511646093934,-0.294142038453908,-1.53740863382324,1,0,0,0,0,1,0
"1984",30,15,-0.0973032022610144,1.30059896285817,-0.532593088822759,-1.98342041896837,1,0,0,0,0,0,0
"1985",28,15,-2.06621640200585,0.18645423047449,-0.945771201961887,-0.737444205305051,0,0,0,0,0,1,0
"1986",25,15,-0.295018335289784,1.34111331676303,-0.261252238403032,-1.65130084818018,1,0,0,0,0,1,0
"1987",39,15,1.17960703188312,0.429540353903656,0.345153450034993,0.116437087591176,0,1,0,1,0,1,0
"1988",39,15,0.973653768311488,-0.785890263242174,0.0573676995898284,0.141745492100197,0,1,0,0,1,0,0
"1989",39,15,0.298127063796525,0.0243968148550462,-0.509981351287781,1.82893137190105,0,1,0,0,0,0,0
"1990",31,15,-0.138493854975341,1.38567910605838,2.77488742879345,-0.994407446150044,0,0,0,0,0,0,0
"1991",26,15,0.957177507225757,-0.137660600764398,1.78202658975763,-0.514192537790648,1,1,0,1,0,0,0
"1992",18,15,-1.92616818277713,1.07777001638143,-0.945771201961887,0.305127014947866,0,1,0,1,1,0,0
"1993",37,15,0.91598685451143,0.307997292189073,0.945392300963478,-1.50239567855105,0,0,0,0,1,0,0
"1994",39,15,-1.25887960880504,-0.178174954669259,-0.945771201961887,0.728026952085146,0,1,0,1,1,0,0
"1995",38,15,0.932463115597161,0.18645423047449,-0.372255313574738,-0.622649511207616,1,0,0,0,0,1,0
"1996",39,15,0.372270238682313,0.389025999998795,-0.166694063256764,0.886377832912111,1,1,0,1,1,0,0
"1997",38,15,-0.138493854975341,1.26008460895331,-0.123526200689989,-1.22658009478919,1,0,0,0,0,1,0
"1998",38,15,0.166316975110678,-0.745375909337313,-0.0433573130659792,0.452001899987839,0,1,0,1,0,1,1
"1999",39,15,-1.88497753006281,0.494363320151434,-0.945771201961887,0.046428809247493,0,1,0,1,1,0,0
"2000",39,15,-1.12706952011919,-0.380746724193564,-0.945771201961887,0.340245651177887,0,1,0,1,1,0,0
"2001",39,15,-1.19297456446211,0.226968584379351,-0.945771201961887,0.127481471135317,0,1,0,1,1,0,1
"2002",40,15,-1.34949904477656,-0.785890263242174,-0.945771201961887,-0.041946216941113,0,1,0,1,0,1,1
"2003",27,15,-0.113779463346745,0.575392027961156,2.17875980287133,-1.47377669982486,0,0,0,0,0,0,1
"2004",40,15,0.677081068768333,0.956226954666849,-0.60248391393087,-1.57442204900678,1,0,0,0,1,0,1
"2005",40,15,0.825367418539911,-0.684604378480021,-0.335254288517503,0.761348612401993,0,1,0,1,1,0,1
"2006",17,15,-1.35773717531942,-0.178174954669259,-0.945771201961887,0.198304824596915,0,1,0,0,1,0,1
"2007",41,15,-1.09411699794773,0.226968584379351,-0.945771201961887,0.0768800687889842,0,0,0,0,1,0,1
"2008",21,15,1.12194011808307,-0.137660600764398,-0.285919588441189,0.639584975509564,1,1,0,1,1,0,1
"2009",39,15,-1.39892782803375,0.372820258436851,-0.945771201961887,-0.428032107364637,0,0,0,0,1,0,1
"2010",39,15,1.05603507374014,-0.785890263242174,0.476712650238496,1.59257976372616,0,1,0,0,0,1,0
"2011",21,15,-1.22592708663357,-0.785890263242174,-0.945771201961887,0.266870528738854,0,1,0,0,1,0,1
"2012",39,15,1.27022646785464,-0.178174954669259,0.114924849678861,0.277303885972527,0,1,0,1,0,1,0
"2013",34,15,0.990130029397219,-0.178174954669259,0.110813624672502,0.560494381495388,1,1,0,1,0,0,1
"2014",32,15,0.957177507225757,0.0243968148550462,-0.28180836343483,0.778606872956432,0,1,0,1,1,0,0
"2015",18,15,0.948939376682892,-0.785890263242174,-0.44009052617967,0.84977952345326,1,1,0,1,1,0,1
"2016",40,15,-1.506023525091,-0.441518255050856,-0.945771201961887,0.355266376634766,0,1,0,1,1,0,1
"2017",40,15,1.25375020676891,0.18645423047449,1.22289998889274,-0.971931065275301,0,0,0,0,0,0,1
"2018",39,15,1.05603507374014,-0.785890263242174,0.651439713008775,0.581633071810126,0,1,0,1,0,1,0
"2019",40,15,-1.90145379114854,0.449797530856087,-0.945771201961887,-0.0949616714726971,0,0,0,0,1,0,1
"2020",34,15,1.05603507374014,-0.279460839431411,0.789165750721818,0.526469836902517,1,1,0,0,1,0,1
"2021",24,15,-2.24745527394888,-0.559009881374952,-0.945771201961887,0.844058819221294,0,1,0,1,1,0,0
"2022",39,15,-1.077640736862,-0.785890263242174,-0.945771201961887,0.659421269014134,0,1,0,1,1,0,0
"2023",31,15,-1.71197678866263,0.595649204913586,-0.945771201961887,-0.399714825378682,0,1,0,1,0,0,1
"2024",40,15,-0.0396362884609566,0.7374494435806,0.558937150365686,-1.71393824312863,0,0,0,0,0,1,0
"2025",40,15,0.858319940711372,-0.279460839431411,-0.421590013651052,-0.844216652506748,1,1,0,1,0,0,1
"2026",39,15,0.0921738002248898,-0.275409404040925,0.945392300963478,0.901367977477607,0,1,0,1,0,1,1
"2027",40,15,-1.57192856943392,-0.522546962860577,-0.945771201961887,0.2353785798267,0,1,0,1,1,0,1
"2028",21,15,-1.63783361377684,0.267482938284212,-0.945771201961887,0.249599496033118,0,1,0,1,1,0,1
"2029",39,15,0.364032108139448,0.226968584379351,1.02350557608431,0.0618156668969216,1,1,0,1,1,0,0
"2030",34,15,1.1384163791688,-0.785890263242174,-0.477091551236905,0.103730338821277,1,1,0,1,0,1,1
"2031",37,15,0.800653026911314,0.287740115236643,-0.230418050855336,-1.9192221931812,1,0,0,0,0,1,1
"2032",40,15,1.00660629048295,-0.62383284762273,0.20742741232195,0.640768067366694,0,0,0,0,1,0,1
"2033",38,14,0.561747241168218,0.449797530856087,-0.222195600842617,-0.947040487910216,1,0,0,0,0,1,0
"2034",33,14,0.792414896368449,1.48291355543004,0.36570957506679,-0.627076848613685,0,0,0,0,1,0,0
"2035",40,15,0.075697539139159,0.7374494435806,-0.304420100969807,-1.59961392298672,1,0,0,0,0,0,1
"2036",39,15,-1.19297456446211,-0.178174954669259,-0.945771201961887,0.424413667284366,0,1,0,0,1,0,1
"2037",31,14,1.19608329296885,-0.178174954669259,-0.142026713218607,-0.600706348319232,0,0,0,0,0,0,0
"2038",39,14,0.364032108139448,-0.785890263242174,-0.172860900766303,0.488409869660965,0,1,0,1,1,0,0
"2039",39,14,1.19608329296885,-0.785890263242174,0.316374874990476,0.48735402452094,0,1,0,0,0,1,0
"2040",39,14,0.00155436425337042,2.01365159158372,1.2886795889945,-1.45443177433822,1,0,0,0,1,0,0
"2041",41,15,-1.82731061626275,0.267482938284212,-0.945771201961887,0.580283344578699,0,1,0,0,1,0,1
"2042",39,15,-0.113779463346745,1.04130709786706,1.40173827666938,0.537543054511844,1,1,0,1,1,0,1
"2043",28,14,0.50408032736816,-0.117403423811967,-0.374310926077918,-0.52832546975922,0,0,0,0,0,1,0
"2044",40,15,-1.32478465314796,0.0243968148550462,-0.945771201961887,0.585754141462072,0,1,0,1,1,0,1
"2045",39,14,-0.122017593889611,1.0007927439622,0.421211112652643,0.525852259699021,0,1,0,1,1,0,0
"2046",40,14,-0.130255724432476,3.81248890495955,0.474657037735317,-1.66964207260508,0,0,0,0,1,0,0
"2047",34,14,0.578223502253948,3.63017431238768,0.922780563428501,-1.87281123459366,0,0,0,0,0,1,0
"2048",34,14,-2.10740705472017,-0.0525804575641897,-0.945771201961887,-0.0280118210341376,0,1,0,0,0,1,0
"2049",39,14,1.03132068211155,-0.401003901145994,0.351320287544532,-0.509838995494173,1,0,0,0,0,1,0
"2050",30,14,0.273412672167929,2.98599608530039,1.00500506355569,-1.62954822594777,0,0,0,0,0,0,0
"2051",34,14,-1.77788183300556,0.49841475554192,-0.945771201961887,-0.418044828343371,0,1,0,1,0,0,0
"2052",39,15,-0.179684507689668,-0.133609165373912,-0.0721358881104956,-0.638202583812125,1,0,0,0,0,0,0
"2053",39,14,-0.10554133280388,0.595649204913586,0.324597325003195,-1.27355516671142,0,0,0,0,0,0,0
"2054",34,14,-1.77788183300556,0.494363320151434,-0.945771201961887,-0.418044828343371,0,1,0,1,0,0,0
"2055",39,14,-1.077640736862,0.226968584379351,-0.945771201961887,0.191993126422744,0,1,0,0,1,0,0
"2056",35,14,0.0509831475105628,1.87185135291671,1.52301941435699,-0.779836366966769,0,0,0,0,1,0,0
"2057",39,14,-1.077640736862,0.226968584379351,-0.945771201961887,0.140149526816863,0,1,0,0,1,0,0
"2058",15,14,0.331079585967986,1.46265637847761,-0.616873201453128,-1.27696738148588,0,0,0,0,1,0,0
"2059",22,14,0.652366677139737,-0.785890263242174,-0.162582838250404,0.870614759385223,0,1,0,1,0,1,0
"2060",33,14,1.06427320428301,-0.279460839431411,-0.394867051109716,-0.572650918581526,1,0,0,0,0,0,0
"2061",39,14,0.619414154968276,0.231020019769837,0.0224222870357727,-0.644917769795902,0,0,0,0,0,1,0
"2062",38,14,1.17136890134026,-0.380746724193564,0.408877437633565,-0.37087389102346,0,0,0,0,0,1,0
"2063",39,14,0.734747982568391,-0.785890263242174,-0.725820664121655,0.613629321964602,0,1,0,1,0,1,0
"2064",15,14,0.71827172148266,0.18645423047449,-0.503814513778242,-0.129589128729944,0,0,0,0,0,0,0
"2065",28,14,-2.08269266309158,0.514620497103864,-0.945771201961887,0.0736010851146319,0,1,0,1,0,1,0
"2066",21,15,1.1137019875402,-0.0161175390498148,0.647328488002415,-0.0966430736322055,0,0,0,0,1,0,1
"2067",34,14,-0.0396362884609566,1.2033645134865,0.0224222870357727,-2.16615289074588,0,0,0,0,0,0,0
"2068",19,14,0.866558071254238,0.247225761331782,0.554825925359327,0.296661361544865,1,1,0,1,1,0,0
"2069",40,14,0.693557329854064,-0.583318493717869,0.0450340245707498,0.110802901282013,0,1,0,0,0,0,0
"2070",16,14,0.990130029397219,-0.0768890699071064,-0.0351348630532603,-1.14618232421195,1,0,0,0,0,0,0
"2071",32,14,1.22903581514032,0.57134059257067,-0.12147058818681,-1.30454760414956,1,0,0,0,0,0,0
"2072",33,14,1.22903581514032,-0.259203662478981,0.454100912703519,-0.6969579252908,0,0,0,0,0,0,0
"2073",39,14,-1.62135735269111,0.0649111687599072,-0.945771201961887,0.626123952813935,0,1,0,1,1,0,0
"2074",26,14,0.100411930767755,1.75030829120212,-0.0351348630532603,-1.29414562517736,1,0,0,0,0,1,0
"2075",29,14,-1.87673939951994,-0.279460839431411,-0.945771201961887,-0.171175400879276,0,1,0,1,1,0,0
"2076",20,14,0.685319199311199,-0.137660600764398,1.04406170111611,0.566678912883946,0,1,0,1,1,0,0
"2077",39,14,0.899510593425699,1.13854154723872,-0.734043114134374,-0.669800022868901,1,0,0,0,0,0,0
"2078",27,14,1.02308255156868,-0.137660600764398,-0.244807338377594,-0.0295007562352682,1,0,0,0,0,1,0
"2079",32,14,-0.138493854975341,1.057512839429,0.20537179981877,-0.55564276015851,1,0,0,0,1,0,0
"2080",35,14,-1.27535586989077,-0.380746724193564,-0.945771201961887,0.364464055332881,0,1,0,0,1,0,0
"2081",27,14,0.800653026911314,1.36137049371546,-0.832712514287001,-2.09103140452523,1,0,0,0,0,0,0
"2082",40,15,0.19926949728214,3.89756904815976,0.550714700352967,-2.12403614497502,1,0,0,0,0,0,0
"2083",35,14,0.775938635282718,0.145939876569629,-0.329087451007964,-1.01435382367319,0,0,0,0,0,1,0
"2084",39,14,0.421699021939506,-0.542804139813008,0.0512008620802891,-0.00509064798303618,0,1,0,1,1,0,0
"2085",39,14,0.100411930767755,3.49242550911115,0.332819775015914,-1.29069423453888,1,0,0,0,1,0,0
"2086",17,14,-0.089065071718149,4.62277598305677,-0.384588988593817,-2.58186644535127,1,0,0,0,0,0,0
"2087",28,14,0.924224985054295,1.03725566247657,0.655550938015134,-1.79850879460805,0,0,0,0,1,0,0
"2088",39,14,0.800653026911314,-0.988462032766479,0.464378975219418,0.508164619657206,0,1,0,1,0,1,0
"2089",40,14,1.25375020676891,-0.785890263242174,-0.0515797630786983,0.176070958396752,0,1,0,1,0,0,1
"2090",24,14,-0.278542074204053,0.0892197811028237,-0.76487730168207,0.252516514786423,0,0,0,0,1,0,1
"2091",24,14,1.02308255156868,-0.0768890699071064,-0.320865000995245,0.143392877894745,1,0,0,0,1,0,0
"2092",39,14,-1.60488109160538,0.328254469141504,-0.945771201961887,0.660965303687157,0,1,0,1,1,0,0
"2093",39,14,0.850081810168507,-0.153866342326342,0.472601425232137,0.343038615677939,0,1,0,1,1,0,0
"2094",26,14,0.948939376682892,-0.174123519278773,0.894001988383985,1.28346621185981,1,1,0,0,0,1,1
"2095",39,14,1.22903581514032,-0.619781412232244,0.102591174659783,0.775645412688391,0,1,0,0,1,0,0
"2096",16,14,-1.56369043889106,-0.583318493717869,-0.945771201961887,-0.130481050914249,0,1,0,1,0,1,1
"2097",39,14,0.232222019453602,0.328254469141504,-0.0885807881359336,-0.210378887824892,1,1,0,0,1,0,0
"2098",31,14,1.14665450971166,-0.785890263242174,-0.205750700817179,1.09684275211278,0,1,0,1,1,0,1
"2099",39,14,1.02308255156868,-0.785890263242174,-0.0474685380723386,0.498718090467084,0,1,0,1,1,0,1
"2100",40,14,0.158078844567813,2.33776642282261,0.538381025333889,-1.608105922765,1,0,0,0,1,0,1
"2101",41,14,-0.154970116061072,1.88805709447865,-0.544926763841837,-1.45059248754423,0,0,0,0,1,0,0
"2102",40,14,0.223983888910736,0.291791550627129,0.741886663148684,-0.815798359030931,0,0,0,0,0,1,1
"2103",40,14,-1.077640736862,0.190505665864976,-0.945771201961887,-0.0918529217344612,0,0,0,0,1,0,1
"2104",32,14,0.627652285511141,-0.299718016383842,0.945392300963478,0.385362318673475,0,1,0,1,1,0,1
"2105",20,14,-0.204398899318265,0.672626477332822,0.256762112398264,0.239021202151329,0,1,0,1,1,0,0
"2106",30,14,0.289888933253659,0.413334612341712,1.07284027616062,0.330429202287233,0,0,0,0,0,1,1
"2107",38,14,-1.81083435517702,0.35256308148442,-0.945771201961887,0.376701361823234,0,1,0,1,1,0,0
"2108",40,14,-1.077640736862,0.190505665864976,-0.945771201961887,-0.0369676367804382,0,0,0,0,1,0,1
"2109",25,14,0.973653768311488,-1.75418332156835,-0.454479813701928,0.570321483383423,0,1,1,0,0,0,1
"2110",40,14,-1.39068969749088,-0.380746724193564,-0.945771201961887,-0.124439085537895,0,1,0,1,1,0,1
"2111",18,14,1.1384163791688,-0.380746724193564,0.713108088104167,-0.602886305137362,0,0,0,0,0,0,1
"2112",31,14,0.0921738002248898,0.632112123427961,0.110813624672502,-1.24318888215159,1,0,0,0,0,1,1
"2113",31,14,0.817129287997045,0.18645423047449,0.0964243371502435,-1.76505253344899,0,0,0,0,0,0,0
"2114",30,14,0.39698463031091,0.632112123427961,-0.0186899630278222,-1.04331579798205,1,0,0,0,0,0,1
"2115",19,14,0.479365935739564,0.433591789294142,1.74296995219722,-0.13597164346935,0,0,0,0,0,0,1
"2116",28,14,0.149840714024948,2.49982383844205,-0.187250188288561,-2.38874632310082,1,0,0,0,0,0,1
"2117",19,14,-1.21768895609071,0.530826238665809,-0.945771201961887,0.542071820464241,0,1,0,0,0,1,1
"2118",40,14,-1.78611996354842,0.672626477332822,-0.945771201961887,0.434337341891661,0,1,0,1,1,0,1
"2119",40,14,0.858319940711372,-0.785890263242174,-0.711431376599396,0.378337614741238,1,1,0,0,1,0,1
"2120",41,14,0.0839356696820244,0.915712600761988,1.04406170111611,0.109065048040612,0,1,0,1,0,1,1
"2121",37,14,1.07251133482587,0.0649111687599072,0.0553120870866486,-1.4015541620892,0,0,0,0,0,0,1
"2122",37,14,0.751224243654122,0.956226954666849,0.106702399666142,-1.74160307247172,1,0,0,0,0,0,1
"2123",19,14,-1.21768895609071,0.530826238665809,-0.945771201961887,0.563870916407177,0,1,0,0,0,1,1
"2124",28,14,0.578223502253948,0.00413963790261568,0.645272875499235,-0.660704201086509,0,0,0,0,0,1,1
"2125",21,14,1.04779694319728,-0.785890263242174,-0.0824139506263943,0.539258246743565,1,1,0,0,1,0,1
"2126",27,14,0.347555847053717,0.879249682247613,0.059423312093008,-0.691579510160204,1,0,0,0,0,0,1
"2127",21,14,0.866558071254238,-0.380746724193564,0.373932025079509,-0.287246910437202,0,0,0,0,0,0,1
"2128",39,13,-1.60488109160538,0.7374494435806,-0.945771201961887,-0.14830256858406,0,1,0,1,1,0,0
"2129",38,14,0.248698280539332,1.14259298262921,-0.343476738530222,-1.50382514129562,1,0,0,0,1,0,1
"2130",37,14,0.421699021939506,-0.0363747160022454,0.361598350060431,0.445673497913918,1,1,0,1,1,0,1
"2131",39,13,-1.60488109160538,0.7374494435806,-0.945771201961887,-0.14830256858406,0,1,0,1,1,0,0
"2132",17,14,1.18784516242599,-0.684604378480021,0.558937150365686,-0.0106117169270328,0,1,0,1,0,0,1
"2133",40,14,-1.84378687734848,-0.542804139813008,-0.945771201961887,0.28041012614317,0,1,0,1,1,0,1
"2134",22,14,0.726509852025526,0.818478151390322,0.696663188078729,-0.754238569550531,0,0,0,0,0,1,1
"2135",32,14,-0.047874419003822,3.41139680130143,-0.0515797630786983,-2.22917905992232,0,0,0,0,0,0,1
"2136",17,14,0.240460149996467,0.307997292189073,1.60729952698736,-1.19390315648817,0,0,0,0,0,0,1
"2137",38,14,-0.10554133280388,0.611854946475531,-0.620984426459488,-1.6038539256929,1,0,0,0,0,0,1
"2138",39,14,-1.18473643391925,-0.380746724193564,-0.945771201961887,0.485451632212017,0,1,0,0,1,0,1
"2139",40,14,0.693557329854064,-0.542804139813008,-0.061857825594597,0.723664918648553,0,1,0,0,0,1,1
"2140",38,13,-0.262065813118322,0.348511646093934,-0.470924713727366,-1.28038736012317,0,0,0,0,0,1,0
"2141",38,13,-1.91793005223427,0.267482938284212,-0.945771201961887,0.526716796752348,0,1,0,1,1,0,0
"2142",35,14,1.07251133482587,0.247225761331782,-0.0885807881359336,-1.87281123459366,0,0,0,0,0,0,1
"2143",35,13,0.289888933253659,-0.785890263242174,0.0861462746343448,-0.390443561066045,1,0,0,0,0,0,0
"2144",15,14,-1.52249978617673,-0.21868930857412,-0.945771201961887,0.282784009996066,0,0,0,0,0,1,1
"2145",39,13,1.12194011808307,-0.380746724193564,-0.368144088568379,0.0559162706282805,1,0,0,0,0,1,0
"2146",39,13,-0.229113290946861,-0.137660600764398,-0.820378839267923,-0.431921061571954,1,0,0,0,1,0,0
"2147",17,13,0.034506886424832,0.899506859200044,1.85397302736893,0.180430121680711,0,1,0,0,0,1,0
"2148",37,14,-1.74492931083409,-0.583318493717869,-0.945771201961887,0.69549557946425,0,1,0,0,1,0,1
"2149",36,13,0.0427450169676974,0.611854946475531,0.0697013746089068,-2.4771882996764,0,0,0,0,0,1,0
"2150",30,13,1.15489264025453,0.18645423047449,-0.316753775988885,-0.0550409602956308,0,0,0,0,1,0,0
"2151",37,13,0.19926949728214,1.44239920152518,-0.102970075658192,-0.872138445439512,0,0,0,0,0,1,0
"2152",40,14,-1.34949904477656,1.88805709447865,-0.945771201961887,-1.10906735300239,0,0,0,0,0,1,1
"2153",39,13,0.841843679625641,-0.984410597375993,0.647328488002415,0.908216754646561,0,1,0,1,1,0,0
"2154",31,14,-0.122017593889611,2.94143029600504,0.861112188333109,-1.4239886078591,0,0,0,0,0,0,1
"2155",39,13,-0.113779463346745,1.60445661714463,-0.832712514287001,-0.958052111978033,1,0,0,0,1,0,0
"2156",39,13,-1.61311922214825,0.389025999998795,-0.945771201961887,1.3286039024827,0,1,0,1,0,1,0
"2157",39,13,-1.19297456446211,-0.380746724193564,-0.945771201961887,1.30262280316431,0,1,0,1,1,0,0
"2158",36,13,0.520556588453891,-0.542804139813008,0.357487125054071,1.17081251883795,0,1,0,1,1,0,0
"2159",30,13,1.16313077079739,-0.785890263242174,2.08420162772506,0.348238304450439,0,1,0,1,0,0,0
"2160",40,13,-1.81907248571988,0.109476958055254,-0.945771201961887,-0.0192274083171915,0,1,0,1,0,1,0
"2161",40,13,0.495842196825295,-0.785890263242174,0.904280050899883,0.537665633172232,0,1,0,1,0,1,1
"2162",39,13,0.223983888910736,4.16091234854135,1.17767651382279,-2.45458516752927,0,0,0,0,0,0,0
"2163",34,13,0.116888191853486,2.02985733314567,0.108758012169322,-2.31200631888227,1,0,0,0,0,0,0
"2164",39,13,-1.44835661129094,0.551083415618239,-0.945771201961887,-0.537738232143811,0,0,0,0,1,0,0
"2165",31,14,-1.44011848074807,-0.4577239966128,-0.945771201961887,0.297524456580139,0,1,0,1,1,0,1
"2166",23,13,-0.0231600273752258,3.02651043920525,0.421211112652643,-1.31152246567993,0,0,0,0,0,0,0
"2167",40,13,-0.245589552032592,0.798220974437891,1.9279750774834,-1.06986745928704,0,0,0,0,0,1,0
"2168",23,13,-0.163208246603938,-0.0971462468595369,-0.226306825848976,1.08340449769744,0,1,0,1,1,0,0
"2169",30,13,-0.748115515147381,-0.785890263242174,-0.945771201961887,-0.0518926405247266,0,1,0,1,1,0,0
"2170",38,13,0.30636519433939,0.35256308148442,3.71635795524977,0.219103928521042,0,0,0,1,0,0,0
"2171",28,13,0.759462374196987,-0.785890263242174,0.791221363224997,0.780068031697362,0,1,0,1,1,0,0
"2172",18,13,-0.327970857461246,1.75030829120212,0.178648837277433,-0.56412278244051,0,0,0,0,0,1,0
"2173",40,13,-0.253827682575457,3.65043148934011,1.866306702388,-1.28725075087328,0,0,0,0,1,0,1
"2174",40,13,-0.0973032022610144,1.09802719333386,0.984448938523893,-1.10601541294344,1,0,0,0,1,0,1
"2175",22,13,1.07251133482587,-0.137660600764398,-0.203695088313999,-0.795823580514603,1,0,0,0,0,0,1
"2176",25,13,-1.68726239703404,-0.421261078098425,-0.945771201961887,1.45809689137391,0,1,0,1,0,1,1
"2177",39,13,1.17136890134026,0.551083415618239,-0.131748650702708,-1.80820611832585,1,0,0,0,0,0,0
"2178",26,13,0.866558071254238,-0.259203662478981,-0.236584888364875,-0.309551063900953,1,0,0,0,0,1,1
"2179",33,13,0.627652285511141,-0.482032608955717,-0.376366538581098,0.496074149657602,1,1,0,0,0,1,1
"2180",27,13,-1.41540408911948,0.0649111687599072,-0.945771201961887,-0.6652452316179,0,0,0,0,0,1,1
"2181",36,13,0.71827172148266,0.838735328342752,0.201260574812411,-2.27492452495008,0,0,0,0,0,0,0
"2182",38,13,0.850081810168507,0.652369300380392,-0.6805971890517,-2.34640324240247,1,0,0,0,0,0,1
"2183",26,13,-0.00668376628949498,0.672626477332822,0.067645762105727,-0.823357871843572,0,0,0,0,0,0,0
"2184",19,13,1.22079768459745,-0.785890263242174,-0.497647676268703,0.843092133251241,1,1,0,1,1,0,1
"2185",27,13,0.223983888910736,1.82728556362136,0.248539662385545,-1.81425003059298,0,0,0,0,1,0,0
"2186",16,13,0.998368159940084,-0.279460839431411,0.0141998370230536,-0.102198829554651,1,1,0,1,0,0,1
"2187",40,13,0.710033590939795,-0.785890263242174,-0.606595138937229,0.36519744396057,0,0,0,0,1,0,1
"2188",40,13,-0.295018335289784,3.04271618076719,0.135480974710659,-1.84264808267318,1,0,0,0,0,0,1
"2189",38,13,-0.122017593889611,2.61731546476615,-0.561371663867275,-1.76978664748105,1,0,0,0,1,0,1
"2190",19,12,1.03132068211155,-0.785890263242174,1.61757758950326,0.0540010165097782,1,1,0,1,1,0,0
"2191",32,12,-1.2671177393479,-0.785890263242174,-0.945771201961887,0.493004707727312,0,1,0,1,1,0,0
"2192",28,12,0.957177507225757,-0.785890263242174,-0.19547263830128,0.73481514778118,0,1,0,0,1,0,0
"2193",39,12,0.973653768311488,0.773912362094975,-0.203695088313999,-2.0793342251604,1,0,0,0,0,0,1
"2194",36,12,0.71827172148266,-0.380746724193564,0.515769287798911,1.3042429777052,0,1,0,1,1,0,0
"2195",22,12,0.322841455425121,0.838735328342752,0.12314729969158,-1.69126692398929,0,0,0,0,0,0,1
"2196",23,12,-1.40716595857661,-0.0768890699071064,-0.945771201961887,0.898638985948556,0,1,0,1,1,0,1
"2197",28,12,0.619414154968276,-0.785890263242174,1.28251275148496,1.48147929045125,0,1,0,0,0,1,1
"2198",18,12,-1.44011848074807,-0.684604378480021,-0.945771201961887,-0.101386032816217,0,1,0,1,0,1,1
"2199",36,12,0.00155436425337042,3.391139624349,0.93100301344122,-0.64716284857421,1,0,0,0,1,0,0
"2200",13,12,0.899510593425699,0.0243968148550462,0.509602450289372,1.2841874534895,0,1,0,1,1,0,1
"2201",31,12,-1.24240334771931,0.267482938284212,-0.945771201961887,0.318138719790102,0,1,0,1,1,0,1
"2202",35,12,1.03955881265441,-1.75418332156835,0.012144224519874,-0.0503209500928262,1,1,1,0,0,1,0
"2203",40,12,-1.44835661129094,0.16619705352206,-0.945771201961887,0.442194547251618,0,1,0,1,1,0,0
"2204",17,12,1.1137019875402,-0.542804139813008,1.02967241359385,0.750039500058354,0,1,0,0,1,0,1
"2205",31,12,-0.303256465832649,2.0501145100981,0.429433562665362,-1.54964544465991,0,0,0,0,0,0,0
"2206",28,12,-0.295018335289784,3.02245900381476,-0.454479813701928,-2.19431387956849,1,0,0,0,0,0,0
"2207",39,12,0.850081810168507,1.057512839429,-0.499703288771883,-1.19067419721712,0,0,0,0,0,0,0
"2208",39,12,-0.327970857461246,4.92663363734323,0.419155500149464,-2.18803796246486,0,0,0,0,0,0,1
"2209",40,12,-1.04468821469054,-0.279460839431411,-0.945771201961887,-0.0754830408277287,0,1,0,1,1,0,1
"2210",28,12,-0.245589552032592,1.42214202457275,0.0532564745834688,-1.43533266142349,0,0,0,0,0,0,1
"2211",39,12,-0.962306909261882,-0.579267058327383,-0.945771201961887,0.792568809096001,0,1,0,1,1,0,0
"2212",33,12,0.891272462882834,0.105425522664768,-0.322920613498425,-0.653918275507941,0,0,0,0,0,1,1
"2213",28,12,0.940701246140026,-0.441518255050856,0.76655401318684,-0.676658194292338,0,0,0,0,0,1,1
"2214",20,12,1.02308255156868,-0.137660600764398,-0.662096676523083,1.27795845557073,1,1,0,1,0,1,1
"2215",16,11,0.775938635282718,1.11828437028629,0.417099887646284,-1.4015541620892,0,0,0,0,0,1,0
"2216",39,11,0.635890416054006,0.713140831237683,-0.012523125518283,-2.32676931824197,0,0,0,0,1,0,0
"2217",21,12,0.652366677139737,0.530826238665809,-0.125581813193169,-0.110854185616219,0,1,0,1,1,0,1
"2218",15,11,1.42675094816908,0.18645423047449,1.02350557608431,-0.966364096087035,0,0,0,0,0,1,0
"2219",29,11,-1.27535586989077,-0.0525804575641897,-0.945771201961887,-0.125645537212829,0,1,0,1,0,0,0
"2220",39,11,0.182793236196409,0.307997292189073,-0.475035938733726,-1.09386924614019,1,0,0,0,0,1,0
"2221",40,12,1.27022646785464,-0.178174954669259,-0.248918563383954,-0.390746631933619,1,1,0,1,0,1,1
"2222",39,12,-1.58016669997679,-0.137660600764398,-0.945771201961887,0.665175088024364,0,1,0,1,1,0,0
"2223",34,12,-1.76964370246269,0.834683892952266,-0.945771201961887,-0.0459168915818707,0,1,0,1,0,1,1
"2224",25,11,0.957177507225757,0.615906381866017,-0.0783027256200349,-1.78235682686695,0,0,0,0,1,0,0
"2225",39,11,1.10546385699733,-0.47798117356523,-0.11941497568363,0.82588821007295,1,1,0,1,0,1,0
"2226",39,11,-0.871687473290362,0.328254469141504,-0.945771201961887,-0.0887505884089173,0,0,0,0,1,0,0
"2227",35,11,0.100411930767755,2.86040158819532,0.669940225537393,-0.83380195448565,1,0,0,0,1,0,0
"2228",37,11,-1.25887960880504,-0.785890263242174,-0.945771201961887,0.134336547337753,0,1,0,1,1,0,0
"2229",40,12,-1.65430987486258,-0.275409404040925,-0.945771201961887,0.287472302826287,0,1,0,1,1,0,1
"2230",31,11,0.39698463031091,-0.0566318929546759,-0.150249163231326,-0.737444205305051,0,0,0,0,0,1,0
"2231",24,11,0.174555105653544,2.02985733314567,0.135480974710659,-1.76505253344899,1,0,0,0,0,1,0
"2232",38,11,-1.74492931083409,0.190505665864976,-0.945771201961887,0.603534828867768,0,1,0,1,0,1,0
"2233",39,12,0.240460149996467,0.389025999998795,1.42435001420436,1.15425884497604,1,1,0,0,0,0,1
"2234",35,11,-1.65430987486258,0.0892197811028237,-0.945771201961887,0.522801826234668,0,1,0,1,1,0,0
"2235",16,11,0.446413413568102,3.75171737410226,0.748053500658223,-2.11470244432837,1,0,0,0,0,1,0
"2236",28,11,1.25375020676891,-0.785890263242174,0.398599375117666,0.103021248774408,0,0,0,0,1,0,0
"2237",13,11,0.998368159940084,-0.785890263242174,0.143703424723378,0.753653526508072,1,1,0,1,0,1,0
"2238",39,11,1.00660629048295,1.07777001638143,1.19001018884187,-1.28725075087328,0,0,0,0,0,1,0
"2239",39,11,0.578223502253948,-0.0768890699071064,-0.491480838759164,0.631507482790522,1,1,0,0,0,1,0
"2240",24,11,0.784176765825584,-0.785890263242174,1.13450865125601,1.29192520629048,1,1,0,1,0,1,0
"2241",40,12,-2.13212144634877,-0.482032608955717,-0.945771201961887,1.3191352314351,0,1,0,1,1,0,1
"2242",30,11,-0.459780946147092,0.0487054271979627,1.14478671377191,0.637101271575521,1,1,0,1,1,0,0
"2243",28,11,0.553509110625352,-0.785890263242174,1.12011936373376,0.295509796682846,0,1,0,1,1,0,0
"2244",39,12,-1.01997382306194,-0.137660600764398,-0.945771201961887,0.785240238379105,0,1,0,0,1,0,0
"2245",37,11,0.973653768311488,2.19191474876511,-0.606595138937229,-2.65251854484289,1,0,0,0,0,0,0
"2246",39,11,0.973653768311488,-0.174123519278773,2.17875980287133,1.09948793039847,0,1,0,1,1,0,0
"2247",24,11,-1.43188035020521,0.0243968148550462,-0.945771201961887,0.472237750708553,0,1,0,1,1,0,0
"2248",19,11,1.15489264025453,-0.0566318929546759,0.143703424723378,-0.0498980833119752,1,1,0,1,1,0,0
"2249",17,11,-0.0561125495466874,1.36542192910595,0.694607575575549,-0.813286946646118,0,0,0,0,1,0,0
"2250",36,11,0.907748723968565,0.145939876569629,-0.452424201198749,-2.08798136999482,0,0,0,0,0,1,0
"2251",19,11,-1.20121269500498,-0.785890263242174,-0.945771201961887,1.07110620380892,0,1,0,1,1,0,0
"2252",39,11,1.02308255156868,-0.178174954669259,0.805610650747256,-0.236820759861242,0,0,0,0,0,0,0
"2253",22,11,0.973653768311488,0.328254469141504,-0.129693038199529,-0.538824906801949,1,0,0,0,1,0,0
"2254",37,11,0.034506886424832,1.04130709786706,-0.287975200944369,-1.06096468915733,1,0,0,0,0,0,0
"2255",37,11,0.289888933253659,1.42214202457275,-0.411311951135154,-1.41647319238881,1,0,0,0,1,0,0
"2256",38,11,0.981891898854353,-0.785890263242174,3.37307066721876,0.670308575629349,1,1,0,1,0,0,0
"2257",17,11,0.891272462882834,-0.482032608955717,0.306096812474578,1.18705325269704,0,1,0,1,1,0,0
"2258",14,11,-0.204398899318265,2.55654393390886,0.0984799496534232,-2.3603854824177,0,0,0,0,0,0,1
"2259",16,11,-1.63783361377684,0.389025999998795,-0.945771201961887,0.0434800360216225,0,1,0,1,0,1,1
"2260",34,11,0.561747241168218,1.85159417596428,0.431489175168542,-2.18178814072599,0,0,0,0,0,0,0
"2261",39,11,1.22903581514032,-0.579267058327383,-0.52025941380368,-0.320213804991429,0,1,0,1,0,1,1
"2262",38,11,0.100411930767755,3.08728197006254,0.706941250594628,-0.838591920789316,1,0,0,0,1,0,0
"2263",38,11,-0.237351421489726,1.26008460895331,0.534269800327529,-2.29173976516118,0,0,0,0,0,0,1
"2264",27,11,-0.295018335289784,1.13854154723872,-0.339365513523863,-1.86268944575417,1,0,0,0,0,0,0
"2265",20,11,-1.21768895609071,0.231020019769837,-0.945771201961887,1.51232130422699,0,1,0,1,0,1,1
"2266",20,11,-1.10235512849059,0.226968584379351,-0.945771201961887,0.744281655373804,0,1,0,1,1,0,1
"2267",39,11,1.16313077079739,-0.178174954669259,0.472601425232137,1.31356181715493,1,1,0,1,1,0,0
"2268",19,11,-0.0149218968323604,0.206711407426921,1.46340665176477,-1.26675388830772,0,0,0,0,0,0,0
"2269",40,11,-1.06116447577627,-0.137660600764398,-0.945771201961887,0.262804374444562,0,1,0,0,1,0,1
"2270",39,11,-1.06116447577627,-0.137660600764398,-0.945771201961887,0.262804374444562,0,1,0,1,1,0,0
"2271",36,11,0.19926949728214,1.30059896285817,0.139592199717018,-2.68006717327094,1,0,0,0,0,1,0
"2272",12,11,1.18784516242599,-0.684604378480021,-0.0947476256454729,1.37097112342088,1,1,0,1,1,0,0
"2273",36,11,0.775938635282718,0.652369300380392,0.665829000531033,-0.933388441627273,1,0,0,0,0,0,1
"2274",39,11,0.347555847053717,1.30465039824865,0.641161650492876,-1.38928284650963,0,0,0,1,0,0,0
"2275",23,11,1.10546385699733,-0.785890263242174,1.22084437638956,1.19757303160314,1,1,0,1,1,0,0
"2276",15,11,1.08074946536874,0.0446539918074767,0.433544787671722,-1.00862779784303,0,0,0,0,0,1,1
"2277",39,11,1.08074946536874,0.328254469141504,0.375987637582689,-0.749421001443562,0,0,0,0,0,1,0
"2278",40,11,0.537032849539621,0.149991311960115,-0.0700802756073159,-1.30454760414956,1,0,0,0,0,0,1
"2279",40,11,0.924224985054295,0.226968584379351,0.721330538116886,0.98529871215794,1,1,0,1,1,0,1
"2280",31,11,-0.130255724432476,1.4667078138681,1.66896790208275,-2.01657793917273,1,0,0,0,0,1,0
"2281",40,11,0.759462374196987,-0.785890263242174,-0.35786602605248,1.11317388769812,0,1,0,1,1,0,1
"2282",16,11,-0.113779463346745,0.733398008190114,-0.382533376090637,-1.46600882743224,0,0,0,0,0,1,1
"2283",29,11,-1.81083435517702,0.206711407426921,-0.945771201961887,0.427362480361286,0,1,0,1,1,0,0
"2284",16,11,-1.48954726400527,0.672626477332822,-0.945771201961887,0.125440337327032,0,1,0,0,1,0,1
"2285",21,11,0.973653768311488,-0.745375909337313,0.704885638091448,1.17496271598638,0,1,0,1,1,0,1
"2286",40,11,0.850081810168507,-0.502289785908147,1.0954520136956,0.169665001630813,0,1,0,1,0,1,1
"2287",39,11,-1.65430987486258,0.0243968148550462,-0.945771201961887,0.966802601708653,0,1,0,1,1,0,0
"2288",27,11,-1.65430987486258,0.0243968148550462,-0.945771201961887,0.644007259767514,0,1,0,1,1,0,1
"2289",32,11,-0.204398899318265,2.94143029600504,0.209483024825129,-2.42145157714665,0,0,0,0,0,0,1
"2290",17,11,0.660604807682603,-0.0566318929546759,0.36982080007315,-1.08482360221398,0,0,0,0,0,0,1
"2291",34,11,0.108650061310621,0.393077435389281,-0.505870126281422,-0.312209666244166,0,0,0,0,0,0,0
"2292",19,11,0.405222760853775,-0.785890263242174,-0.158471613244045,1.14937121726991,0,1,0,1,1,0,1
"2293",40,11,-1.27535586989077,0.105425522664768,-0.945771201961887,0.603261061619542,0,1,0,0,0,1,1
"2294",34,11,0.00979249479623583,0.652369300380392,0.85083412581721,0.858352969817714,0,1,0,0,1,0,1
"2295",15,11,0.874796201797103,1.01699848552414,0.7706652381932,-0.930781378814025,0,0,0,0,1,0,0
"2296",25,11,0.751224243654122,-0.684604378480021,-0.818323226764743,1.3430666391367,1,1,0,0,0,1,1
"2297",16,11,0.800653026911314,-0.0161175390498148,0.20742741232195,-0.685851372569141,0,0,0,0,0,0,1
"2298",37,11,1.13017824862593,0.0243968148550462,-0.00635628800874385,0.161186012855165,1,1,0,1,1,0,1
"2299",15,11,0.240460149996467,1.5234279093349,0.28759629994596,-1.96171491596864,1,0,0,0,0,0,0
"2300",39,11,-1.2918321309765,-0.380746724193564,-0.945771201961887,-0.169408572534563,0,1,0,1,0,1,0
"2301",40,11,0.479365935739564,0.956226954666849,2.30826339057165,0.229822825982953,0,0,0,0,0,0,1
"2302",40,11,0.833605549082776,0.00413963790261568,1.90536333994842,0.00728717802916093,0,0,0,0,0,0,1
"2303",29,11,1.03955881265441,0.0243968148550462,-0.160527225747225,-0.020056171265085,0,1,0,1,0,1,1
"2304",39,11,0.380508369225179,0.226968584379351,1.45312858924888,0.871891065943421,0,1,0,1,0,1,1
"2305",39,11,-0.229113290946861,0.875198246857127,-0.575760951389533,-1.64692506645035,1,0,0,0,1,0,1
"2306",40,11,-1.27535586989077,0.0243968148550462,-0.945771201961887,0.295029717480249,0,1,0,1,1,0,1
"2307",14,11,1.02308255156868,-0.785890263242174,0.252650887391904,-0.308618075616208,1,0,0,0,0,1,0
"2308",25,11,-0.0725888106324182,-0.137660600764398,-0.218084375836258,1.02395921378486,1,1,0,1,1,0,0
"2309",22,11,0.841843679625641,-0.887176148004327,0.402710600124026,1.26723411607857,0,1,0,1,1,0,1
"2310",39,10,-1.16826017283352,-0.178174954669259,-0.945771201961887,0.39837296102348,0,1,0,0,1,0,0
"2311",20,11,0.289888933253659,-0.482032608955717,0.616494300454719,0.859441835457806,1,1,0,1,1,0,1
"2312",14,11,0.924224985054295,-0.482032608955717,-0.345532351033402,0.781249835026506,1,1,0,1,1,0,1
"2313",29,11,1.27846459839751,0.125682699617199,0.260873337404623,-0.0826267948274718,0,1,0,0,0,0,0
"2314",40,11,-1.39068969749088,-0.137660600764398,-0.945771201961887,0.437834504852781,0,1,0,1,1,0,1
"2315",40,11,-1.56369043889106,-0.421261078098425,-0.945771201961887,0.129627042783099,0,1,0,1,1,0,1
"2316",16,11,-0.0973032022610144,-0.583318493717869,-0.228362438352156,1.30041065603823,0,1,0,1,1,0,1
"2317",39,10,-0.0725888106324182,2.31345781047969,0.982393326020714,-1.71851383254524,0,0,0,0,1,0,0
"2318",35,10,-0.229113290946861,2.57680111086129,0.968004038498456,-1.95097858487346,0,0,0,0,0,0,0
"2319",39,11,0.174555105653544,0.206711407426921,0.630883587976977,0.487269524860323,0,0,0,0,1,0,0
"2320",39,11,-0.286780204746919,1.28439322129622,1.52096380185381,-0.874750227091673,0,0,0,0,0,0,0
"2321",39,10,1.24551207622605,-0.579267058327383,1.01733873857477,0.862506219725394,1,1,0,0,0,1,0
"2322",36,10,0.273412672167929,0.105425522664768,0.164259549755175,-0.732680080991317,0,0,0,0,1,0,0
"2323",31,12,-2.00854948820579,0.226968584379351,-0.945771201961887,1.23230529718151,0,1,0,1,1,0,0
"2324",18,10,0.899510593425699,0.348511646093934,-0.793655876726586,-0.994407446150044,1,0,0,0,1,0,0
"2325",39,11,1.41851281762622,-0.785890263242174,-0.129693038199529,0.867665293778678,1,1,0,1,1,0,1
"2326",21,10,1.04779694319728,-0.295666580993356,-0.431868076166951,0.180119171785599,0,0,0,0,0,1,0
"2327",35,10,1.07251133482587,0.0243968148550462,0.838500450798132,-0.0703923197475089,0,1,0,1,0,1,0
"2328",15,10,0.421699021939506,0.0851683457123378,-0.775155364197968,-0.501658948297391,1,0,0,0,0,1,0
"2329",31,11,-1.01997382306194,-0.137660600764398,-0.945771201961887,1.14487688702731,0,1,0,1,1,0,1
"2330",20,10,0.775938635282718,-0.461775432003286,-0.668263514032622,0.748726378940251,1,1,0,1,1,0,0
"2331",33,10,0.281650802710794,1.07777001638143,1.99581029008833,-0.321226369724015,0,0,0,0,1,0,0
"2332",39,10,1.06427320428301,-0.826404617147035,-0.27769713842847,0.352819528577887,1,1,0,1,0,1,0
"2333",15,10,0.421699021939506,-0.785890263242174,3.65880080516074,1.01274214708006,0,1,0,1,1,0,0
"2334",22,10,-0.130255724432476,1.88805709447865,-0.00841190051192351,-2.2006161108669,1,0,0,0,0,1,0
"2335",39,10,0.495842196825295,2.7186013495283,1.74091433969404,-1.57026414881006,0,0,0,0,0,0,0
"2336",37,10,0.932463115597161,0.530826238665809,-0.0351348630532603,-0.43972928672946,1,0,0,0,0,1,0
"2337",37,10,0.191031366739275,1.64497097104949,1.30306887651675,-1.36127433492365,0,0,0,0,1,0,0
"2338",31,11,-1.01997382306194,-0.137660600764398,-0.945771201961887,0.794808637971851,0,1,0,1,1,0,1
"2339",39,10,1.13017824862593,-0.482032608955717,-0.306475713472987,-0.0847271041750312,1,1,0,1,0,1,0
"2340",13,10,0.677081068768333,0.672626477332822,-0.413367563638333,-0.652745157475577,1,0,0,0,1,0,0
"2341",12,10,-0.204398899318265,0.696935089675739,-0.623040038962667,-1.36127433492365,1,0,0,0,0,0,0
"2342",30,10,0.644128546596872,-0.21868930857412,-0.250974175887134,-0.887877646452729,0,0,0,0,0,1,0
"2343",36,10,0.0262687558819666,-0.984410597375993,1.25990101394998,0.0316839618958503,0,1,1,0,0,1,0
"2344",39,10,1.41027468708335,-0.785890263242174,1.27634591397542,0.433636931831162,1,1,0,1,0,0,0
"2345",28,10,0.512318457911025,-0.785890263242174,0.236205987366466,0.383416818096546,1,0,0,0,0,1,0
"2346",16,10,0.462889674653833,0.429540353903656,0.0224222870357727,-1.22658009478919,1,0,0,0,1,0,1
"2347",22,10,-1.35773717531942,-0.437466819660369,-0.945771201961887,-0.597138049346372,0,0,0,0,1,0,0
"2348",11,10,-0.311494596375515,1.75030829120212,-0.183138963282202,-1.80781702177627,0,0,0,0,0,0,0
"2349",17,10,-0.262065813118322,2.59705828781372,0.347209062538172,-0.469696208967253,1,0,0,0,0,0,0
"2350",16,10,-0.879925603833227,-0.583318493717869,-0.945771201961887,0.555536444193191,0,1,0,1,1,0,0
"2351",41,10,-0.220875160403995,3.22503077333907,0.0306447370484916,-2.95584972194533,0,0,0,0,0,0,0
"2352",22,10,0.289888933253659,-0.785890263242174,1.11806375123058,1.30894630709945,0,1,0,1,1,0,0
"2353",39,10,0.91598685451143,-0.340232370288703,-0.44420175118603,0.873035547277299,0,1,0,1,0,1,0
"2354",39,10,-1.92616818277713,-0.279460839431411,-0.945771201961887,-0.39918131830017,0,0,0,0,0,1,0
"2355",39,10,0.41346089139664,-0.785890263242174,-0.00430067550556404,1.20613521848113,0,1,0,1,1,0,0
"2356",40,10,-0.00668376628949498,-1.75418332156835,-0.0371904755564399,-0.0987006782829308,1,1,1,0,0,1,1
"2357",40,10,0.883034332339968,-0.785890263242174,0.713108088104167,0.495023676498934,1,1,0,1,1,0,1
"2358",40,10,-1.01997382306194,-0.137660600764398,-0.945771201961887,0.791602930216835,0,1,0,1,1,0,1
"2359",15,10,0.495842196825295,1.56394226323976,0.36982080007315,-0.596442782511134,0,0,0,0,1,0,1
"2360",40,10,0.380508369225179,-0.785890263242174,-0.403089501122435,1.37701408779378,0,1,0,1,0,1,1
"2361",36,10,0.981891898854353,0.636163558818447,-0.415423176141513,-1.54964544465991,0,0,0,0,0,0,1
"2362",12,10,0.973653768311488,0.16619705352206,0.813833100759975,0.424193374460676,1,1,0,1,0,1,1
"2363",26,10,-0.047874419003822,0.0487054271979627,1.20234386386095,0.937215778011526,0,1,0,1,1,0,1
"2364",25,10,1.01484442102581,-0.785890263242174,1.12011936373376,0.798110599858403,1,1,0,1,0,1,0
"2365",39,10,0.30636519433939,1.11828437028629,0.470545812728957,-1.11212550250623,0,0,0,0,0,0,0
"2366",33,10,0.578223502253948,-0.785890263242174,2.93522520404147,1.01199731799344,0,1,0,1,1,0,1
"2367",11,10,0.207507627825005,0.368768823046365,-0.193417025798101,-1.832726726766,1,0,0,0,0,1,0
"2368",23,10,0.471127805196698,1.0007927439622,2.51176902838644,-1.35766549774553,0,0,0,0,0,1,1
"2369",40,10,-1.30830839206223,-0.19843213162169,-0.945771201961887,0.768373840598995,0,1,0,1,1,0,1
"2370",38,10,0.495842196825295,-0.785890263242174,1.54768676439514,1.3439032306122,0,1,0,1,0,1,1
"2371",39,10,0.899510593425699,-0.64409002457516,0.745997888155043,1.1054926261085,1,1,0,1,1,0,1
"2372",13,10,0.191031366739275,0.125682699617199,-0.723765051618475,-1.13370855998737,0,0,0,0,0,0,0
"2373",18,10,0.693557329854064,-0.178174954669259,-0.60248391393087,0.0375080899922766,0,0,0,0,0,0,0
"2374",40,10,-1.24240334771931,-0.174123519278773,-0.945771201961887,0.287520559667534,0,1,0,1,1,0,0
"2375",39,10,-1.76140557191983,0.453848966246573,-0.945771201961887,0.522100175659295,0,1,0,1,1,0,0
"2376",39,10,0.215745758367871,-0.704861555432452,0.698718800581909,1.55145710754844,0,1,0,0,0,1,0
"2377",40,10,1.27846459839751,0.170248488912546,3.06267317923862,0.847254454840849,0,1,0,1,0,0,1
"2378",40,10,-1.65430987486258,0.328254469141504,-0.945771201961887,0.278954875307268,0,1,0,1,1,0,1
"2379",34,10,-1.61311922214825,-0.441518255050856,-0.945771201961887,0.273947763959425,0,1,0,1,0,0,1
"2380",34,10,0.70179546039693,-0.785890263242174,0.230039149856927,0.223541663634557,1,0,0,0,0,1,1
"2381",34,10,0.924224985054295,0.449797530856087,-0.507925738784602,-2.51563233807777,1,0,0,0,0,0,1
"2382",16,10,1.08074946536874,-0.785890263242174,0.310208037480937,0.164489083324613,1,0,0,0,1,0,0
"2383",13,10,0.660604807682603,3.38708818895851,0.53015857532117,-2.42496687002774,0,0,0,0,0,0,1
"2384",29,10,0.191031366739275,4.46477000282781,1.23934488891818,-1.68677340804881,1,0,0,0,0,0,1
"2385",13,10,1.13017824862593,-0.542804139813008,1.54563115189196,0.941063294454355,1,1,0,0,0,1,0
"2386",38,10,-0.0725888106324182,1.07777001638143,-0.620984426459488,-1.2036318633494,0,0,0,0,0,1,1
"2387",22,10,-1.03645008414767,-0.502289785908147,-0.945771201961887,0.228919954724165,0,1,0,0,1,0,1
"2388",22,10,0.883034332339968,0.247225761331782,-0.0166343505246426,-1.04917576627232,1,0,0,0,0,1,0
"2389",34,10,0.380508369225179,0.307997292189073,0.084090662131165,-1.43154178939482,1,0,0,0,0,0,1
"2390",31,10,-2.28864592666321,-0.47798117356523,-0.945771201961887,0.285299139880672,0,1,0,1,1,0,0
"2391",19,10,0.232222019453602,0.18645423047449,0.460267750213058,-1.6038539256929,0,0,0,0,0,0,1
"2392",34,10,1.08074946536874,-0.947947678861618,-0.368144088568379,-1.89326161757721,1,0,0,0,0,1,1
"2393",31,10,0.182793236196409,1.62471379409706,-0.216028763333078,-2.12667924046689,1,0,0,0,0,0,1
"2394",40,10,0.00155436425337042,0.328254469141504,0.429433562665362,-0.0805910620762913,1,1,0,1,1,0,1
"2395",23,10,-1.72845304974836,0.206711407426921,-0.945771201961887,-0.0792970298465141,0,1,0,1,1,0,1
"2396",26,10,-0.187922638232534,0.00819107329310162,-0.575760951389533,-0.0672117147494819,1,1,0,1,1,0,1
"2397",34,10,0.191031366739275,1.42619345996324,-0.368144088568379,-2.54711160303842,1,0,0,0,0,0,1
"2398",39,9,1.45146533979768,-1.75418332156835,-0.5182038013005,0.0586160108469118,1,1,1,0,0,1,0
"2399",13,9,0.874796201797103,0.125682699617199,-0.220139988339437,-1.73695676285961,1,0,0,0,0,0,0
"2400",24,10,0.0509831475105628,-0.542804139813008,-0.84504618930608,0.876007126832798,0,0,0,0,0,1,0
"2401",22,10,1.08074946536874,0.226968584379351,0.657606550518314,-0.224626837998709,1,1,0,1,0,1,1
"2402",39,9,0.487604066282429,0.0446539918074767,-0.137915488212247,-1.11678583902194,1,0,0,0,0,0,0
"2403",40,10,0.841843679625641,-0.542804139813008,-0.719653826612116,-1.75093900287485,1,0,0,0,0,0,1
"2404",40,10,0.19926949728214,-0.704861555432452,-0.246862950880774,0.930089112722408,1,1,0,1,1,0,1
"2405",40,10,-1.81083435517702,1.11828437028629,-0.945771201961887,-1.35766549774553,0,0,0,0,0,0,1
"2406",39,10,1.00660629048295,-0.62383284762273,0.349264675041352,0.182708457460593,0,0,0,0,0,1,1
"2407",14,10,0.981891898854353,-0.745375909337313,-0.0968032381486525,0.0375080899922766,0,0,0,0,1,0,1
"2408",20,10,0.677081068768333,-0.0768890699071064,-0.639484938988105,-1.57442204900678,1,0,0,0,0,0,1
"2409",14,10,1.36908403436903,-0.785890263242174,-0.320865000995245,0.80061662054356,1,1,0,0,0,0,1
"2410",40,10,-1.45659474183381,0.210762842817407,-0.945771201961887,0.248658910764385,0,1,0,0,1,0,1
"2411",40,10,0.512318457911025,-0.340232370288703,-0.12147058818681,-1.17782728172226,1,0,0,0,0,1,1
"2412",21,10,1.22079768459745,-0.380746724193564,1.3894046016503,0.794567585936592,0,1,0,1,1,0,1
"2413",25,10,0.174555105653544,1.82728556362136,-0.343476738530222,-1.58277251472119,0,0,0,0,1,0,0
"2414",26,10,0.232222019453602,2.69834417257587,-0.0906364006391134,-2.27174284100468,0,0,0,0,0,0,1
"2415",40,10,-1.45659474183381,0.210762842817407,-0.945771201961887,0.248658910764385,0,1,0,0,1,0,1
"2416",17,9,0.0839356696820244,1.28034178590574,0.184815674786973,-0.524262080444513,1,0,0,0,0,1,0
"2417",36,10,-1.64607174431971,-0.441518255050856,-0.945771201961887,0.876855071635454,0,1,0,0,1,0,1
"2418",39,9,1.44322720925482,-0.745375909337313,1.0954520136956,0.731119562315022,0,1,0,0,0,0,0
"2419",37,9,0.652366677139737,0.231020019769837,-0.606595138937229,-0.491496097121986,1,0,0,0,1,0,0
"2420",40,10,0.347555847053717,0.206711407426921,0.236205987366466,-0.917167996848779,1,0,0,0,0,1,1
"2421",39,9,0.990130029397219,-0.785890263242174,-0.341421126027042,0.894230038340072,1,1,0,1,0,1,0
"2422",11,10,-0.138493854975341,0.534877674056295,1.54768676439514,-1.04331579798205,0,0,0,0,0,0,1
"2423",39,9,-1.30007026151936,-0.785890263242174,-0.945771201961887,0.658252774256868,0,1,0,1,1,0,0
"2424",19,9,0.232222019453602,-0.137660600764398,0.341042225028633,0.489844629834181,0,1,0,1,1,0,0
"2425",11,9,0.520556588453891,-0.380746724193564,-0.191361413294921,0.742286148148502,0,1,0,1,0,1,0
"2426",31,9,0.30636519433939,1.07777001638143,-0.637429326484926,-1.71613278781237,1,0,0,0,0,0,0
"2427",38,9,-1.39892782803375,1.03725566247657,-0.945771201961887,-0.672082604875722,0,0,0,0,1,0,0
"2428",27,9,1.46794160088341,-0.137660600764398,0.480823875244856,0.941250726489178,1,1,0,1,1,0,0
"2429",40,10,-1.33302278369082,0.0243968148550462,-0.945771201961887,0.619715537461255,0,1,0,1,1,0,1
"2430",38,9,0.372270238682313,-0.340232370288703,1.42846123921072,1.13414524910815,0,1,0,0,1,0,0
"2431",39,9,0.355793977596583,2.64162407710907,1.51479696434427,-1.00292350271344,0,0,0,0,0,0,0
"2432",24,9,-0.286780204746919,2.33371498743212,0.059423312093008,-1.56198269555961,0,0,0,0,0,0,0
"2433",34,9,1.3278933816547,0.00413963790261568,-0.218084375836258,0.0971721494724683,1,1,0,1,0,0,0
"2434",20,9,0.578223502253948,-0.785890263242174,0.410933050136745,1.36558697870692,0,1,0,1,1,0,0
"2435",39,9,1.01484442102581,-0.441518255050856,-0.222195600842617,-0.161776225096489,0,0,0,0,0,1,0
"2436",18,9,0.232222019453602,0.632112123427961,0.489046325257575,-0.776110773866372,1,0,0,0,1,0,0
"2437",40,9,-0.278542074204053,0.940021213104905,-0.499703288771883,-1.54147651171244,1,0,0,0,0,0,0
"2438",24,9,0.569985371711083,-0.137660600764398,0.727497375626425,1.28870598210129,1,1,0,1,1,0,0
"2439",26,9,0.528794718996756,-0.137660600764398,-0.19547263830128,-0.294336923406959,0,0,0,0,1,0,0
"2440",30,9,0.0592212780534282,1.52747934472539,-0.565482888873635,-1.35766549774553,1,0,0,0,0,0,0
"2441",39,9,0.0509831475105628,-0.704861555432452,-0.594261463918151,0.859441835457806,1,1,0,0,0,1,0
"2442",17,9,-0.0396362884609566,0.632112123427961,1.17562090131961,-0.893160885504233,0,0,0,0,0,0,0
"2443",12,9,1.09722572645447,-0.21868930857412,0.622661137964258,-0.0384654744356582,1,0,0,0,1,0,0
"2444",36,9,0.710033590939795,0.226968584379351,-0.244807338377594,1.09791264011697,1,1,0,0,1,0,0
"2445",39,9,1.03955881265441,0.530826238665809,-0.271530300918931,-1.66450514946052,1,0,0,0,0,1,0
"2446",39,9,-1.63783361377684,0.00413963790261568,-0.945771201961887,-0.404142612512398,0,1,0,1,0,0,0
"2447",33,9,0.891272462882834,-0.360489547241133,0.637050425486516,-0.720835417942655,0,0,0,0,0,1,0
"2448",36,9,0.0262687558819666,3.95428914362656,0.131369749704299,-1.88300164625428,1,0,0,0,0,1,0
"2449",11,9,0.462889674653833,0.00413963790261568,-0.0680246631041361,0.726262033700967,1,1,0,1,1,0,1
"2450",19,9,0.298127063796525,0.773912362094975,0.0285891245453118,-0.697980144229638,0,0,0,0,1,0,0
"2451",37,9,-0.0231600273752258,1.88805709447865,-0.327031838504784,-0.872138445439512,1,0,0,0,1,0,0
"2452",40,9,-0.262065813118322,2.39448651828942,0.106702399666142,-2.14482529541734,0,0,0,0,0,1,1
"2453",31,9,0.149840714024948,1.73005111424969,0.172481999767894,-1.88300164625428,0,0,0,0,0,1,0
"2454",16,10,-0.237351421489726,2.67808699562344,-0.409256338631974,-1.37055263575964,0,0,0,1,0,0,0
"2455",25,9,0.273412672167929,-0.0971462468595369,-0.614817588949948,-0.99157944914905,1,0,0,0,0,0,1
"2456",29,9,1.03955881265441,-0.704861555432452,1.77791536475128,0.597068441801532,0,1,0,1,1,0,0
"2457",13,9,1.03132068211155,-0.502289785908147,0.404766212627205,0.494098652435449,0,1,0,1,1,0,0
"2458",40,9,0.784176765825584,-0.785890263242174,1.82313883982123,0.944932147973148,0,1,0,1,0,1,1
"2459",39,9,1.05603507374014,-0.785890263242174,0.238261599869646,1.22168971611342,1,1,0,1,0,1,0
"2460",38,9,0.512318457911025,-0.785890263242174,0.565103987875225,1.36115234588644,0,1,0,1,0,1,0
"2461",14,9,1.08074946536874,-0.704861555432452,0.209483024825129,0.491909966264041,1,1,0,0,0,1,1
"2462",27,9,1.06427320428301,-0.785890263242174,0.760387175677301,0.44771363275152,1,1,0,1,0,1,0
"2463",17,9,-1.48954726400527,0.960278390057336,-0.945771201961887,-0.8514059793243,0,0,0,0,0,0,1
"2464",27,10,-0.253827682575457,1.97313723767886,-0.466813488721007,-1.52930575725859,1,0,0,0,0,0,1
"2465",14,10,-0.253827682575457,1.97313723767886,-0.466813488721007,-1.52930575725859,1,0,0,0,0,0,1
"2466",40,9,-1.36597530586229,0.0243968148550462,-0.945771201961887,-0.117662880924662,0,1,0,1,1,0,0
"2467",40,10,0.841843679625641,-0.0768890699071064,-0.298253263460268,-0.312353508529805,1,1,0,0,0,0,1
"2468",33,9,1.04779694319728,1.09802719333386,0.52604735031481,-0.400019771608706,0,1,0,0,0,0,1
"2469",40,9,0.273412672167929,1.30465039824865,0.36982080007315,-1.23320160313032,0,0,0,0,0,1,1
"2470",40,9,1.01484442102581,-0.785890263242174,-0.263307850906212,1.46983355847646,0,1,0,1,0,1,1
"2471",39,9,-0.978783170347612,0.733398008190114,-0.945771201961887,-0.914481526137858,0,0,0,0,0,0,0
"2472",31,9,-1.09411699794773,-0.21868930857412,-0.945771201961887,0.896548761772704,0,1,0,1,1,0,1
"2473",17,9,1.44322720925482,-0.502289785908147,0.160148324748816,-0.107586892378485,0,1,0,1,0,0,0
"2474",16,9,0.61117602442541,-0.603575670670299,0.36776518756997,0.958518773081839,0,1,0,1,1,0,0
"2475",10,9,0.41346089139664,1.44239920152518,-0.76076607667571,-1.82779049913532,0,0,0,0,0,0,1
"2476",31,9,0.256936411082198,0.935969777714419,0.373932025079509,-1.84264808267318,1,0,0,0,0,0,1
"2477",39,9,0.627652285511141,-0.0363747160022454,-0.0104675130151033,-0.971931065275301,0,0,0,0,1,0,0
"2478",39,9,-0.0149218968323604,1.42214202457275,-0.528481863816399,-1.95633716439077,0,0,0,0,0,0,0
"2479",20,9,1.22079768459745,0.267482938284212,-0.298253263460268,0.841390589766995,1,1,0,1,1,0,1
"2480",39,9,0.158078844567813,0.940021213104905,0.959781588485737,-1.42776045416121,0,0,0,0,1,0,0
"2481",19,9,1.09722572645447,0.307997292189073,0.431489175168542,0.607206309436779,1,1,0,1,1,0,1
"2482",13,9,0.693557329854064,0.672626477332822,-0.234529275861696,-0.22829504237646,0,0,0,0,0,0,1
"2483",40,9,1.09722572645447,-0.502289785908147,-0.403089501122435,0.0504456998416983,1,1,0,1,0,1,1
"2484",15,9,0.957177507225757,0.0649111687599072,-0.567538501376814,-1.33619256165987,1,0,0,0,0,0,0
"2485",31,9,-0.262065813118322,1.38162767066789,-0.211917538326718,-2.26513588547605,0,0,0,0,0,0,1
"2486",22,9,0.685319199311199,0.429540353903656,0.394488150111306,-2.4720350508322,0,0,0,0,0,0,1
"2487",22,9,0.578223502253948,0.105425522664768,0.641161650492876,-0.468339170219523,1,0,0,0,0,1,1
"2488",19,9,1.02308255156868,-0.0768890699071064,0.112869237175681,-0.0421264747769849,1,1,0,1,1,0,0
"2489",39,9,0.775938635282718,-0.542804139813008,0.338986612525453,1.1074515837007,1,1,0,1,1,0,1
"2490",19,9,0.874796201797103,0.0243968148550462,-0.0865251756327539,0.617353756062161,1,1,0,1,1,0,1
"2491",36,9,0.660604807682603,0.226968584379351,1.29690203900721,0.600599010202032,1,1,0,0,0,1,1
"2492",39,9,-2.22274088232029,0.251277196722268,-0.945771201961887,1.32761381868767,0,1,0,1,1,0,0
"2493",40,9,0.91598685451143,-0.785890263242174,0.643217262996056,1.27900673296087,0,1,0,1,1,0,1
"2494",40,9,-0.047874419003822,2.31750924587018,-0.516148188797321,-2.39592094274998,0,0,0,0,0,0,1
"2495",23,9,0.569985371711083,0.267482938284212,-0.413367563638333,-0.463400326532609,0,0,0,0,0,1,1
"2496",33,9,0.0509831475105628,2.90496737749066,-0.413367563638333,-2.68006717327094,1,0,0,0,0,0,1
"2497",21,9,0.644128546596872,1.4667078138681,0.345153450034993,-1.46213989360336,0,0,0,0,0,1,0
"2498",35,9,1.17136890134026,-0.401003901145994,1.73269188968132,0.928388795841282,0,1,0,0,1,0,1
"2499",11,9,0.553509110625352,-0.502289785908147,1.82313883982123,0.731442840080032,0,0,0,0,1,0,1
"2500",40,9,0.405222760853775,0.97648413161928,-0.452424201198749,-0.00503202208983437,1,1,0,1,0,1,1
"2501",39,9,-1.42364221966234,-0.0161175390498148,-0.945771201961887,-0.0124958662964452,0,1,0,1,0,1,0
"2502",27,9,-0.0231600273752258,1.73005111424969,-0.713486989102576,-2.20365059365251,1,0,0,0,0,0,0
"2503",31,9,0.561747241168218,-0.178174954669259,-0.36403286356202,0.326907732587551,1,0,0,0,1,0,1
"2504",39,9,0.932463115597161,0.0243968148550462,1.31745816403901,0.77655189070409,0,1,0,1,1,0,1
"2505",16,9,1.03132068211155,-0.137660600764398,0.273207012423702,0.570961023851588,1,1,0,1,0,1,1
"2506",40,9,0.322841455425121,-0.19843213162169,0.433544787671722,0.477179994897816,0,1,0,1,0,1,1
"2507",40,9,0.965415637768622,0.226968584379351,-0.045412925569159,0.474455249282422,0,1,0,0,0,1,1
"2508",29,8,0.841843679625641,-0.21868930857412,-0.269474688415751,-0.914481526137858,1,0,0,0,0,1,0
"2509",40,9,0.405222760853775,-0.401003901145994,0.174537612271074,-0.029381587126933,1,1,0,1,0,0,1
"2510",40,9,0.850081810168507,0.0487054271979627,0.201260574812411,-0.19799677202341,1,0,0,0,1,0,1
"2511",20,8,0.240460149996467,0.773912362094975,-0.417478788644693,-0.418353516533116,0,0,0,0,0,0,0
"2512",18,9,0.158078844567813,-0.0161175390498148,-0.396922663612895,-0.240244633693971,0,0,0,0,0,1,1
"2513",15,9,-1.34126091423369,0.0243968148550462,-0.945771201961887,0.285589076540494,0,1,0,1,1,0,1
"2514",23,8,0.289888933253659,1.03725566247657,-0.386644601096997,-1.92973328470564,1,0,0,0,0,1,0
"2515",39,8,-1.9096919216914,0.595649204913586,-0.945771201961887,-0.706743940083331,0,0,0,0,0,1,0
"2516",22,8,-0.187922638232534,4.44451282587538,-0.44214613868285,-2.44326135533061,0,0,0,0,1,0,0
"2517",23,8,0.91598685451143,-0.299718016383842,0.581548887900664,-0.0538898479924482,0,1,0,1,0,0,0
"2518",25,8,1.1137019875402,-0.0971462468595369,-0.00841190051192351,-1.04917576627232,0,0,0,0,0,0,0
"2519",39,9,0.578223502253948,1.91236570682157,4.87161218203679,-1.6038539256929,1,0,0,0,1,0,0
"2520",37,8,0.191031366739275,0.105425522664768,-0.045412925569159,-0.356287992195903,0,1,0,0,0,0,0
"2521",18,8,1.22079768459745,-0.137660600764398,0.0573676995898284,0.573356879992397,1,1,0,1,1,0,0
"2522",37,9,-1.66254800540544,-0.137660600764398,-0.945771201961887,0.769950002052066,0,1,0,0,1,0,1
"2523",35,8,0.223983888910736,1.48291355543004,0.20742741232195,-1.21998762824463,0,0,0,0,0,1,0
"2524",40,9,-1.39892782803375,-0.137660600764398,-0.945771201961887,0.482741853517289,0,1,0,1,1,0,1
"2525",17,9,0.973653768311488,-0.137660600764398,-0.618928813956308,0.741216035642368,0,1,0,0,0,1,1
"2526",39,8,1.15489264025453,-0.137660600764398,0.355431512550891,-0.0702698642533191,1,0,0,0,0,0,0
"2527",24,8,1.29494085948324,-0.684604378480021,-0.218084375836258,-0.369005550245139,1,0,0,0,0,0,0
"2528",40,9,-1.0282119536048,-0.380746724193564,-0.945771201961887,0.777736460760519,0,1,0,1,1,0,1
"2529",39,8,0.759462374196987,-0.19843213162169,-0.542871151338657,0.551979239523246,1,1,0,1,0,1,0
"2530",25,8,0.619414154968276,-0.785890263242174,1.05022853862565,0.0917949868297343,0,1,0,1,0,1,0
"2531",32,8,1.02308255156868,-0.542804139813008,2.28154042803031,1.15894146734074,0,1,0,1,1,0,0
"2532",39,9,-1.39068969749088,-0.153866342326342,-0.945771201961887,0.314161689188118,0,1,0,0,1,0,0
"2533",16,8,0.907748723968565,-0.785890263242174,0.489046325257575,0.874407775574553,1,1,0,1,1,0,0
"2534",38,8,1.10546385699733,-0.137660600764398,1.65252300205731,-0.0268217339073344,1,1,0,1,0,1,0
"2535",39,8,1.07251133482587,-0.19843213162169,0.375987637582689,-0.170586227305667,0,1,0,1,0,0,0
"2536",29,8,-1.33302278369082,-0.518495527470091,-0.945771201961887,0.139563914696577,0,1,0,1,1,0,0
"2537",40,9,-1.34949904477656,0.0243968148550462,-0.945771201961887,0.686048945604554,0,1,0,1,1,0,1
"2538",19,9,-1.36597530586229,-0.704861555432452,-0.945771201961887,0.339499983315574,0,1,0,1,1,0,1
"2539",11,9,-1.09411699794773,-0.380746724193564,-0.945771201961887,0.6576493245862,0,1,0,0,1,0,0
"2540",17,8,0.331079585967986,1.06156427481949,-0.60453952643405,-1.38311123177483,1,0,0,0,0,1,0
"2541",9,8,-0.262065813118322,1.80702838666893,-0.337309901020683,-1.6123699822563,1,0,0,0,0,0,0
"2542",20,8,1.09722572645447,-0.785890263242174,2.29798532805575,0.353189119472666,0,1,0,0,0,1,0
"2543",20,8,1.22079768459745,-0.279460839431411,0.507546837786192,0.0559162706282805,1,0,0,0,1,0,0
"2544",35,8,-0.21263702986113,1.74625685581164,-0.483258388746445,-1.61664617280089,0,0,0,0,0,1,0
"2545",27,8,0.841843679625641,-0.178174954669259,-0.875880376853776,1.65769745581681,0,1,0,1,0,1,0
"2546",15,8,-0.047874419003822,0.287740115236643,-0.0721358881104956,0.29785997085116,0,1,0,1,0,0,0
"2547",31,8,1.06427320428301,0.125682699617199,-0.308531325976166,-0.773664752231973,0,0,0,0,1,0,0
"2548",32,8,0.446413413568102,1.07777001638143,-0.283863975938009,-0.985939367624627,0,0,0,0,1,0,0
"2549",22,8,1.22903581514032,-0.137660600764398,-0.300308875963447,1.56321253259685,0,1,0,0,0,0,0
"2550",25,8,0.223983888910736,-0.299718016383842,0.211538637328309,-0.0774503427897937,1,1,0,1,0,1,0
"2551",10,8,1.19608329296885,-0.299718016383842,0.0368115745580309,0.623617887220227,0,1,0,1,1,0,0
"2552",39,8,1.08074946536874,0.226968584379351,1.29279081400086,0.883231922098802,0,1,0,1,1,0,0
"2553",31,8,1.05603507374014,-0.664347201527591,-0.581927788899072,0.971646998005732,1,1,0,1,1,0,0
"2554",25,8,0.479365935739564,-0.785890263242174,1.95469804002473,0.631469097296998,0,1,0,1,1,0,0
"2555",39,8,-1.62135735269111,0.251277196722268,-0.945771201961887,0.0454654235616118,0,1,0,1,0,1,1
"2556",25,8,0.19926949728214,2.17570900720317,-0.314698163485706,-2.02217600881923,1,0,0,0,0,1,0
"2557",18,8,0.265174541625063,0.267482938284212,-0.19547263830128,-0.0543744194131691,0,1,0,0,1,0,0
"2558",37,8,0.322841455425121,0.16619705352206,-0.690875251567599,-1.5455554286325,1,0,0,0,0,1,0
"2559",9,8,0.957177507225757,1.3208561398106,-0.205750700817179,-1.55785901680679,1,0,0,0,0,1,0
"2560",37,8,-1.46483287237667,-0.0930948114690507,-0.945771201961887,0.597853729540527,0,1,0,0,1,0,0
"2561",40,8,-0.0643506800895528,2.01365159158372,0.324597325003195,-0.788400948330822,0,0,0,0,0,1,0
"2562",39,8,0.462889674653833,-0.704861555432452,-0.158471613244045,0.466465465037497,1,1,0,0,1,0,1
"2563",39,8,0.372270238682313,0.145939876569629,-0.263307850906212,0.289931428504143,0,1,0,1,0,0,0
"2564",16,8,0.00155436425337042,4.27840397486545,0.986504551027073,-1.25998324639707,0,0,0,0,0,1,0
"2565",27,8,1.37732216491189,0.348511646093934,0.515769287798911,-1.76978664748105,0,0,0,0,0,0,0
"2566",17,8,0.80889115745418,1.88805709447865,0.965948425995276,-2.4211590068367,0,0,0,0,0,1,0
"2567",30,8,0.191031366739275,-0.137660600764398,0.743942275651863,0.502821665456793,0,1,0,1,1,0,0
"2568",21,8,1.0889875959116,0.307997292189073,0.891946375880805,-1.04624292639034,0,0,0,0,0,0,1
"2569",39,8,1.02308255156868,-0.704861555432452,1.17973212632597,0.757505993867215,0,1,0,1,1,0,0
"2570",40,8,0.207507627825005,0.915712600761988,-0.310586938479346,-2.13270361711932,1,0,0,0,0,1,0
"2571",22,8,0.652366677139737,0.267482938284212,0.639106037989696,-1.51322988249267,0,0,0,0,0,0,0
"2572",36,8,1.08074946536874,0.125682699617199,-0.234529275861696,-0.919859277715731,1,0,0,0,0,1,0
"2573",31,8,0.586461632796814,-0.0768890699071064,-0.337309901020683,-1.23652332815654,0,0,0,0,0,0,1
"2574",16,8,0.891272462882834,2.07037168705053,-0.0885807881359336,-1.97252848751978,0,0,0,0,0,0,0
"2575",40,8,0.116888191853486,0.854941069904697,-0.458591038708288,-1.43154178939482,1,0,0,0,0,0,1
"2576",9,8,0.957177507225757,0.226968584379351,1.48807400180293,0.479602569905,1,1,0,1,0,1,0
"2577",36,8,0.0427450169676974,-0.356438111850647,4.28781823113374,0.689598394439011,0,1,0,1,1,0,0
"2578",39,8,-1.31654652260509,0.33230590453199,-0.945771201961887,-1.06986745928704,0,0,0,0,0,0,0
"2579",40,8,0.421699021939506,0.206711407426921,-0.316753775988885,0.37155374466985,1,1,0,0,0,1,1
"2580",36,8,-0.21263702986113,0.773912362094975,-0.417478788644693,-1.84264808267318,0,0,0,0,0,0,1
"2581",18,8,0.957177507225757,-0.704861555432452,-0.181083350779022,0.865235834340679,0,1,0,1,1,0,0
"2582",40,8,1.17136890134026,-0.785890263242174,0.585660112907023,0.446932631656433,0,1,0,0,0,1,1
"2583",36,8,0.990130029397219,-0.19843213162169,0.456156525206699,0.760538601975978,0,1,0,1,0,1,0
"2584",15,8,-0.278542074204053,0.960278390057336,1.70185770213362,1.13919209168035,0,1,0,0,0,1,0
"2585",11,8,-1.43188035020521,-0.137660600764398,-0.945771201961887,1.01711429216922,0,1,0,1,0,1,0
"2586",17,7,0.0180306253391012,0.267482938284212,0.429433562665362,-0.00128471316403364,1,1,0,1,0,1,0
"2587",36,8,0.775938635282718,1.60445661714463,0.653495325511954,-1.16508923970137,0,0,0,0,0,1,1
"2588",27,8,0.281650802710794,1.3208561398106,0.0779238246216257,-1.85263536169444,0,0,0,0,0,0,1
"2589",11,8,0.223983888910736,-0.542804139813008,0.741886663148684,0.773691139749177,0,1,0,1,0,1,1
"2590",30,7,0.850081810168507,-0.785890263242174,-0.275641525925291,0.43241042832563,0,0,0,0,1,0,0
"2591",40,8,-1.2671177393479,1.06156427481949,-0.945771201961887,-2.09103140452523,0,0,0,0,0,0,1
"2592",23,8,0.899510593425699,-0.421261078098425,1.57852095194284,0.97005436279974,1,0,0,0,0,1,1
"2593",39,7,0.627652285511141,0.530826238665809,-0.123526200689989,-1.67782647709284,0,0,0,0,0,1,0
"2594",39,7,0.30636519433939,0.307997292189073,-0.273585913422111,-1.38678175853816,0,0,0,0,0,0,0
"2595",19,7,0.973653768311488,-0.785890263242174,1.14067548876555,0.499011574791483,0,1,0,0,0,0,0
"2596",12,8,1.08074946536874,-0.785890263242174,-0.19958386330764,0.655270883670316,1,1,0,1,0,1,1
"2597",25,8,0.322841455425121,-0.785890263242174,0.832333613288592,1.11942948963562,0,1,0,1,1,0,1
"2598",14,7,0.948939376682892,-0.522546962860577,4.56121469405665,1.38352169492019,0,1,0,0,1,0,0
"2599",19,8,1.08074946536874,0.429540353903656,-0.713486989102576,-0.485431206730851,1,0,0,0,0,1,0
"2600",15,7,-0.113779463346745,2.46741235531816,0.213594249831489,-1.99990775023094,1,0,0,0,0,0,0
"2601",36,8,1.03955881265441,-0.174123519278773,0.711052475600987,0.983963396322345,0,1,0,1,1,0,1
"2602",15,8,1.0889875959116,-0.40505533653648,1.59907707697464,-0.362819260457389,0,1,0,1,0,0,1
"2603",39,8,0.141602583482082,0.328254469141504,-0.183138963282202,0.158979926408315,1,1,0,1,1,0,0
"2604",31,8,-1.34126091423369,0.267482938284212,-0.945771201961887,0.159505478848153,0,1,0,0,1,0,1
"2605",40,8,-1.16002204229065,-0.0971462468595369,-0.945771201961887,-0.0886266281628667,0,1,0,1,1,0,1
"2606",40,8,0.561747241168218,-0.785890263242174,-0.571649726383174,0.576903714368541,0,1,0,1,1,0,1
"2607",25,8,0.907748723968565,-0.579267058327383,0.0100886120166942,-0.13597164346935,1,0,0,0,0,1,0
"2608",37,8,0.660604807682603,0.226968584379351,0.918669338422142,0.778258768560928,0,1,0,1,1,0,1
"2609",40,8,-1.13530765066205,-0.137660600764398,-0.945771201961887,-0.066051247421476,0,1,0,1,1,0,1
"2610",34,8,-0.187922638232534,1.75030829120212,-0.0680246631041361,-1.73232477163573,0,0,0,0,0,1,0
"2611",36,8,-0.31973272691838,1.14259298262921,-0.0145787380214628,-0.0764048930262822,0,0,0,0,0,0,1
"2612",37,8,0.907748723968565,-0.542804139813008,1.1160081387274,0.930938550418161,0,1,0,1,1,0,1
"2613",27,8,0.322841455425121,1.60850805253511,-0.565482888873635,-2.23252983547003,1,0,0,0,0,1,1
"2614",10,7,-0.237351421489726,1.44645063691567,-0.0988588506518323,-2.39592094274998,0,0,0,0,0,1,0
"2615",28,8,0.792414896368449,-0.785890263242174,-0.460646651211468,1.56333643834365,1,1,0,1,0,1,1
"2616",36,8,0.248698280539332,0.429540353903656,-0.232473663358516,-2.2850445204045,1,0,0,0,0,0,1
"2617",9,8,0.635890416054006,0.125682699617199,-0.738154339140733,-1.32910254869011,0,0,0,0,0,0,1
"2618",26,8,0.710033590939795,-0.664347201527591,0.756275950670942,0.711521754258436,0,1,0,1,0,1,1
"2619",18,8,-0.995259431433343,0.307997292189073,-0.945771201961887,0.486804691794898,0,1,0,1,1,0,1
"2620",11,8,1.01484442102581,-0.785890263242174,0.869334638345828,0.945586372123903,0,1,0,1,1,0,1
"2621",40,8,0.685319199311199,-0.785890263242174,0.53015857532117,0.0914101666919998,0,1,0,0,0,0,1
"2622",38,8,1.04779694319728,1.30059896285817,-0.296197650957088,-1.2633647550508,0,0,0,0,1,0,1
"2623",37,8,0.850081810168507,-0.785890263242174,1.15712038879099,-0.0209446389456521,1,1,0,1,0,0,1
"2624",36,8,-0.253827682575457,0.445746095465601,-0.372255313574738,-2.37449901299184,1,0,0,0,0,1,1
"2625",20,8,0.850081810168507,-0.785890263242174,-0.483258388746445,0.787283384399679,0,1,0,1,1,0,1
"2626",40,8,1.01484442102581,-0.178174954669259,0.715163700607347,1.25138400180475,0,1,0,1,1,0,1
"2627",16,8,0.429937152482371,1.057512839429,-0.11530375067727,-0.445612190374812,1,0,0,0,0,1,1
"2628",31,8,0.298127063796525,0.814426715999836,-0.750488014159812,-2.30522039330371,0,0,0,0,0,0,1
"2629",36,8,0.322841455425121,-0.785890263242174,0.616494300454719,1.38856375982631,0,1,0,1,1,0,0
"2630",40,8,1.00660629048295,-0.0363747160022454,2.60427159102953,-0.742223477893282,0,0,0,0,0,1,1
"2631",39,8,-1.077640736862,0.307997292189073,-0.945771201961887,0.316719559400202,0,1,0,1,1,0,0
"2632",39,8,0.866558071254238,-0.502289785908147,0.193038124799691,0.0613670030489189,0,1,0,1,0,1,0
"2633",18,8,0.553509110625352,-0.502289785908147,0.0635345370993675,0.00181147083441244,1,1,0,1,1,0,0
"2634",31,8,0.125126322396351,0.145939876569629,-0.485314001249624,-0.168297189609183,0,0,0,0,0,0,1
"2635",41,8,0.372270238682313,-0.542804139813008,-0.329087451007964,1.52028990943042,0,1,0,1,0,1,0
"2636",32,8,0.034506886424832,0.575392027961156,0.729552988129605,-0.750960943910472,0,0,0,0,0,1,1
"2637",40,8,0.619414154968276,0.231020019769837,-0.320865000995245,-0.00972933428464546,1,1,0,1,0,1,1
"2638",29,8,-0.262065813118322,1.36137049371546,-0.419534401147873,-2.57116139551149,1,0,0,0,0,0,1
"2639",15,8,-0.21263702986113,2.80368149272851,0.637050425486516,-2.35337810393284,0,0,0,0,0,0,0
"2640",39,8,-0.154970116061072,2.17570900720317,-0.156416000740865,-1.68229328561832,0,0,0,0,1,0,1
"2641",36,8,0.990130029397219,-0.785890263242174,-0.242751725874414,0.518752511408624,0,1,0,0,0,1,0
"2642",21,8,0.0921738002248898,1.75030829120212,0.345153450034993,-0.896339765707722,0,0,0,0,0,0,1
"2643",10,8,-0.278542074204053,1.68953676034483,1.24345611392454,-1.08182044444644,0,0,0,0,1,0,1
"2644",38,8,0.553509110625352,-0.21868930857412,0.990615776033433,-0.183073627196667,0,0,0,0,0,1,0
"2645",14,8,-1.53073791671959,0.956226954666849,-0.945771201961887,-0.497585558371789,0,0,0,0,1,0,0
"2646",39,8,0.553509110625352,0.0243968148550462,0.322541712500015,0.399537965673496,0,1,0,1,1,0,1
"2647",26,8,0.833605549082776,-0.785890263242174,-0.637429326484926,0.914239598618368,0,1,0,1,0,0,1
"2648",17,8,-1.37421343640515,-0.174123519278773,-0.945771201961887,0.49926308718228,0,1,0,0,1,0,0
"2649",38,8,0.644128546596872,-0.441518255050856,0.193038124799691,-0.191677807237216,1,1,0,1,0,1,1
"2650",39,5,-0.278542074204053,3.54914560457795,0.521936125308451,-1.65130084818018,1,0,0,0,0,0,0
"2651",40,7,-0.608067295918669,2.09062886400296,-0.641540551491285,-0.99157944914905,1,0,0,0,1,0,1
"2652",8,5,-0.187922638232534,2.05416594548858,-0.345532351033402,-2.17556419824028,0,0,0,0,1,0,0
"2653",17,5,0.899510593425699,-0.542804139813008,-0.135859875709068,0.784026888865208,1,1,0,0,0,0,0
"2654",28,5,-0.122017593889611,0.226968584379351,0.493157550263934,-0.25803685054353,0,0,0,0,0,1,0
"2655",10,5,0.907748723968565,0.18645423047449,0.676107063046932,-0.534816468501749,0,1,0,0,0,1,0
"2656",11,5,1.13017824862593,0.231020019769837,0.538381025333889,-0.497585558371789,0,0,0,0,0,0,0
"2657",25,5,0.569985371711083,1.19931307809602,-0.292086425950728,-1.7695969963594,1,0,0,0,0,0,0
"2658",11,6,0.265174541625063,-0.137660600764398,-0.431868076166951,0.891875452880469,0,1,0,1,1,0,1
"2659",41,6,0.841843679625641,-0.684604378480021,0.569215212881585,0.624119434716868,0,1,0,1,0,1,1
"2660",39,5,0.800653026911314,1.27223891512477,0.240317212372826,-1.21998762824463,0,0,0,0,1,0,0
"2661",34,5,0.710033590939795,-0.0971462468595369,0.659662163021494,-0.155283428984817,1,0,0,0,1,0,0
"2662",36,5,0.174555105653544,2.21217192571754,0.484935100251215,-0.497585558371789,0,0,0,0,0,0,0
"2663",28,5,-0.921116256547555,-0.279460839431411,-0.945771201961887,0.203314754965937,0,1,0,1,0,1,0
"2664",13,5,1.02308255156868,0.247225761331782,0.803555038244076,0.664987402444719,0,1,0,0,1,0,0
"2665",41,5,-0.245589552032592,1.34111331676303,-0.405145113625614,-0.713773165501902,0,0,0,0,1,0,0
"2666",39,5,1.16313077079739,-0.421261078098425,1.23934488891818,0.0638889969036476,0,1,0,1,0,1,0
"2667",21,5,0.100411930767755,2.8644530235858,0.156037099742456,-2.85493398114516,0,0,0,0,0,1,0
"2668",29,5,-0.047874419003822,1.28034178590574,-0.142026713218607,-1.67782647709284,0,0,0,0,0,0,0
"2669",22,5,0.668842938225468,2.1351946532983,-0.27975275093165,-1.68677340804881,1,0,0,0,0,0,0
"2670",39,5,0.693557329854064,0.206711407426921,-0.248918563383954,-1.39046127068808,0,0,0,0,0,0,0
"2671",38,5,0.883034332339968,-0.21868930857412,0.386265700098588,1.03875698895275,0,1,0,1,1,0,0
"2672",31,5,-0.187922638232534,2.11088604095539,0.180704449780613,-1.06986745928704,0,0,0,0,0,0,0
"2673",40,5,-0.295018335289784,2.11493747634587,1.22906682640228,-1.23652332815654,0,0,0,0,0,0,0
"2674",38,5,0.907748723968565,0.16619705352206,-0.218084375836258,-0.790871088513094,0,0,0,0,0,0,0
"2675",39,5,0.71827172148266,1.21957025504845,-0.246862950880774,-2.61211978706297,1,0,0,0,1,0,0
"2676",31,6,1.08074946536874,-0.684604378480021,-0.232473663358516,1.64153357750239,0,1,0,1,0,1,1
"2677",12,5,0.965415637768622,-0.137660600764398,0.201260574812411,0.635494231266886,0,1,0,1,0,0,0
"2678",40,6,0.965415637768622,-0.684604378480021,-0.35786602605248,0.293732737198405,1,1,0,1,0,1,1
"2679",35,5,0.0839356696820244,1.04130709786706,-0.427756851160592,-1.49732412599559,0,0,0,0,0,0,0
"2680",19,5,0.100411930767755,2.92117311905261,1.01117190106523,-2.29523311428244,0,0,0,0,0,0,0
"2681",38,5,1.22079768459745,-0.0161175390498148,0.145759037226557,0.158769653968895,1,1,0,1,0,1,0
"2682",39,6,0.495842196825295,1.86779991752622,-0.382533376090637,-1.8957344669904,1,0,0,0,0,0,0
"2683",39,5,0.207507627825005,0.368768823046365,0.986504551027073,-0.583379586277491,0,0,0,0,0,0,0
"2684",29,5,0.981891898854353,-0.319975193336272,0.85083412581721,0.720737790240257,0,1,0,0,0,0,0
"2685",8,5,-1.28359400043363,0.18645423047449,-0.945771201961887,0.00670560326368288,0,1,0,1,1,0,0
"2686",14,5,1.16313077079739,0.16619705352206,0.815888713263154,0.364051366922481,0,0,0,0,1,0,0
"2687",32,5,0.990130029397219,-0.542804139813008,-0.176972125772663,-0.0539504108775078,1,1,0,1,0,1,0
"2688",39,5,1.33613151219757,0.18645423047449,0.254706499895084,-0.0948994334253328,0,1,0,1,0,0,0
"2689",39,5,0.775938635282718,0.18645423047449,2.83244457888248,-0.0551621813096592,0,1,0,1,0,1,0
"2690",39,6,-0.0313981579180912,3.49242550911115,0.978282101014354,-2.13729834667104,0,0,0,0,0,0,1
"2691",39,5,-1.42364221966234,-0.522546962860577,-0.945771201961887,0.187873685782897,0,1,0,1,1,0,0
"2692",7,5,0.075697539139159,1.25603317356282,-0.571649726383174,-2.09103140452523,1,0,0,0,0,0,0
"2693",9,5,-1.54721417780532,1.48291355543004,-0.945771201961887,-1.72770701082205,0,0,0,0,0,0,0
"2694",40,6,0.273412672167929,-0.542804139813008,-0.826545676777462,-0.131118462383293,1,1,0,1,1,0,1
"2695",6,5,0.281650802710794,0.267482938284212,0.756275950670942,-0.315809859492626,0,0,0,0,0,1,0
"2696",12,5,0.471127805196698,0.307997292189073,-0.107081300664551,-1.30454760414956,0,0,0,0,0,1,0
"2697",8,5,0.924224985054295,0.915712600761988,0.614438687951539,-0.56412278244051,0,0,0,0,1,0,0
"2698",39,5,1.03132068211155,-0.0363747160022454,0.495213162767114,-1.06689400636358,0,0,0,0,0,0,0
"2699",30,5,1.00660629048295,-0.684604378480021,0.546603475346608,0.512408730443655,0,1,0,0,1,0,1
"2700",15,5,0.940701246140026,0.5915977695231,-0.620984426459488,-0.143023854993959,1,1,0,1,0,0,0
"2701",40,6,0.627652285511141,-0.137660600764398,0.184815674786973,1.15861713159267,0,1,0,1,1,0,1
"2702",40,5,0.891272462882834,0.105425522664768,-0.211917538326718,-0.219817411540383,1,0,0,0,0,1,1
"2703",10,5,1.24551207622605,-0.421261078098425,-0.224251213345797,0.244493465953392,0,1,0,1,0,1,0
"2704",28,5,0.0509831475105628,1.48291355543004,-0.228362438352156,-1.77453571924422,0,0,0,0,1,0,0
"2705",30,5,-0.113779463346745,0.328254469141504,-0.269474688415751,-0.9388343894785,0,0,0,0,1,0,0
"2706",11,5,-0.163208246603938,1.23982743200088,0.396543762614486,-0.284985151390843,0,0,0,0,0,0,0
"2707",27,5,0.0839356696820244,3.56940278153038,-0.497647676268703,-2.56374513266146,1,0,0,0,1,0,1
"2708",39,5,-1.49778539454813,-0.23894648552655,-0.945771201961887,-1.02010174640492,0,0,0,0,0,0,0
"2709",8,5,0.578223502253948,1.11828437028629,-0.60042830142769,-1.39784742787368,1,0,0,0,1,0,0
"2710",40,5,0.364032108139448,2.43905230758476,0.994727001039792,-2.2006161108669,0,0,0,0,0,0,1
"2711",36,5,1.04779694319728,-0.319975193336272,-0.351699188542941,0.00612380338700391,0,1,0,1,0,1,1
"2712",6,5,0.80889115745418,1.23982743200088,-0.559316051364095,-1.56198269555961,0,0,0,0,1,0,1
"2713",39,5,-0.311494596375515,0.652369300380392,-0.664152289026262,-2.2006161108669,1,0,0,0,0,0,0
"2714",24,5,0.479365935739564,0.105425522664768,-0.135859875709068,-0.359698523836288,0,0,0,0,0,0,0
"2715",8,5,1.02308255156868,-0.684604378480021,0.0203666745325929,0.92020672853018,0,1,0,1,1,0,1
"2716",38,5,1.25375020676891,-0.542804139813008,0.536325412830709,-0.261857153343882,0,1,0,0,0,0,0
"2717",39,5,1.10546385699733,-0.583318493717869,0.36365396256361,0.903323380940036,1,1,0,1,0,1,0
"2718",17,5,1.09722572645447,-0.117403423811967,0.156037099742456,0.415089128093241,0,1,0,0,0,0,0
"2719",39,5,0.364032108139448,1.03725566247657,0.0943687246470637,-1.01883531612136,0,0,0,0,1,0,0
"2720",28,5,0.537032849539621,0.226968584379351,0.326652937506375,-1.10906735300239,0,0,0,0,0,0,1
"2721",35,5,0.71827172148266,0.348511646093934,-0.250974175887134,-1.24318888215159,1,0,0,0,0,0,1
"2722",21,5,-0.0561125495466874,2.1959661841556,-0.417478788644693,-2.56310196621492,0,0,0,0,0,0,1
"2723",37,5,1.03132068211155,1.00889561474317,0.151925874736097,-1.88812287765701,0,0,0,0,0,0,0
"2724",10,5,1.08074946536874,0.348511646093934,0.560992762868866,0.142542839719889,0,1,0,0,1,0,1
"2725",36,5,0.116888191853486,3.50863125067309,-0.176972125772663,-1.94563904120272,1,0,0,0,1,0,0
"2726",38,5,0.627652285511141,-0.684604378480021,-0.0783027256200349,0.862078240365476,0,0,0,0,0,1,0
"2727",39,5,0.215745758367871,1.76246259737358,-0.283863975938009,-2.11470244432837,1,0,0,0,0,1,0
"2728",12,5,0.30636519433939,1.34111331676303,3.25795636704069,-0.711426435965674,0,0,0,0,0,0,0
"2729",27,5,0.372270238682313,3.1845164194342,0.0532564745834688,-2.14482529541734,0,0,0,0,0,0,0
"2730",36,5,0.635890416054006,0.713140831237683,-0.273585913422111,-1.26675388830772,1,0,0,0,1,0,1
"2731",6,5,0.751224243654122,0.672626477332822,-0.631262488975386,-1.05800877874033,0,0,0,0,1,0,1
"2732",35,5,0.182793236196409,0.713140831237683,-0.0145787380214628,-0.756653156355139,1,0,0,0,0,1,0
"2733",6,5,0.223983888910736,1.07777001638143,-0.643596163994465,-2.55508552074558,0,0,0,0,0,0,0
"2734",10,5,0.981891898854353,1.21957025504845,0.589771337913382,-0.672082604875722,0,0,0,0,0,0,1
"2735",7,5,1.10546385699733,0.267482938284212,0.998838226046152,0.0838587855518304,0,1,0,1,0,1,1
"2736",39,5,-0.130255724432476,2.58085254625178,0.573326437887944,-2.62044712117491,0,0,0,0,0,0,0
"2737",39,5,0.825367418539911,-0.579267058327383,0.669940225537393,0.285154150575312,1,1,0,1,0,1,1
"2738",9,5,-0.286780204746919,2.56059536929934,-0.285919588441189,-1.5294673874499,1,0,0,0,1,0,1
"2739",24,5,0.471127805196698,1.40593628301081,0.1210916871884,-1.86774182013354,0,0,0,0,0,0,1
"2740",26,5,0.116888191853486,0.145939876569629,-0.0680246631041361,0.0746578100768441,0,1,0,1,0,1,0
"2741",12,4,0.174555105653544,1.9893429792408,0.398599375117666,-0.718477644968797,0,0,0,0,1,0,0
"2742",11,5,1.05603507374014,1.42214202457275,-0.329087451007964,-2.75123217844884,1,0,0,0,0,0,0
"2743",27,4,-0.196160768775399,1.48291355543004,-0.0906364006391134,-1.0374785869075,0,0,0,0,0,1,0
"2744",5,4,0.487604066282429,1.42619345996324,0.0635345370993675,-1.94563904120272,0,0,0,0,0,1,0
"2745",37,4,-0.089065071718149,1.1750044657531,-0.271530300918931,-1.7603332832217,1,0,0,0,0,0,0
"2746",22,4,0.273412672167929,-0.137660600764398,0.945392300963478,-0.0631235251061371,0,1,0,1,0,1,0
"2747",24,5,0.207507627825005,1.79082264510699,-0.549037988848197,-1.40899516719987,1,0,0,0,1,0,0
"2748",10,4,-1.75316744137696,0.267482938284212,-0.945771201961887,0.936745894207575,0,1,0,1,1,0,0
"2749",40,5,0.990130029397219,0.636163558818447,0.324597325003195,-0.242645994409788,0,1,0,0,0,0,1
"2750",15,4,0.866558071254238,1.09802719333386,0.0491452495771093,-1.37026182024889,0,0,0,0,1,0,0
"2751",34,5,1.21255955405458,-0.259203662478981,-0.583983401402252,-1.06736936372447,0,0,0,0,0,0,0
"2752",22,5,-0.21263702986113,2.23242910266997,-0.575760951389533,-1.97796458734256,1,0,0,0,1,0,0
"2753",13,5,-0.204398899318265,2.45525804914671,-0.372255313574738,-1.21015282786209,0,0,0,0,1,0,1
"2754",5,4,0.00155436425337042,2.82393866968094,1.66485667707639,-1.37944964662027,0,0,0,0,1,0,0
"2755",35,4,-1.38245156694802,-0.785890263242174,-0.945771201961887,0.0826979138950275,0,1,0,0,0,1,0
"2756",16,4,0.817129287997045,-0.522546962860577,2.17053735285861,1.0897000703919,0,1,0,1,0,0,0
